Software Version,3.08.01,,,,,,,,,,,,,,,,,,,,,,,,,,,,,,,,,,,,,,,,,,,,,,,,,
,,,,,,,,,,,,,,,,,,,,,,,,,,,,,,,,,,,,,,,,,,,,,,,,,,
Experiment File Path:,C:\Users\NovoCyteOperator\Desktop\Biotek Experiments\Marci\Carbstore_OD_CFU_exp..xpt,,,,,,,,,,,,,,,,,,,,,,,,,,,,,,,,,,,,,,,,,,,,,,,,,
Protocol File Path:,,,,,,,,,,,,,,,,,,,,,,,,,,,,,,,,,,,,,,,,,,,,,,,,,,
Plate Number,Plate 1,,,,,,,,,,,,,,,,,,,,,,,,,,,,,,,,,,,,,,,,,,,,,,,,,
Date,11/6/23,,,,,,,,,,,,,,,,,,,,,,,,,,,,,,,,,,,,,,,,,,,,,,,,,
Time,11:49:57 AM,,,,,,,,,,,,,,,,,,,,,,,,,,,,,,,,,,,,,,,,,,,,,,,,,
Reader Type:,Synergy Neo2,,,,,,,,,,,,,,,,,,,,,,,,,,,,,,,,,,,,,,,,,,,,,,,,,
Reader Serial Number:,19100219,,,,,,,,,,,,,,,,,,,,,,,,,,,,,,,,,,,,,,,,,,,,,,,,,
Reading Type,Reader,,,,,,,,,,,,,,,,,,,,,,,,,,,,,,,,,,,,,,,,,,,,,,,,,
,,,,,,,,,,,,,,,,,,,,,,,,,,,,,,,,,,,,,,,,,,,,,,,,,,
Procedure Details,,,,,,,,,,,,,,,,,,,,,,,,,,,,,,,,,,,,,,,,,,,,,,,,,,
Plate Type,Greiner 48 well plate (Use plate lid),,,,,,,,,,,,,,,,,,,,,,,,,,,,,,,,,,,,,,,,,,,,,,,,,
Eject plate on completion,,,,,,,,,,,,,,,,,,,,,,,,,,,,,,,,,,,,,,,,,,,,,,,,,,
Set Temperature,"Setpoint 25°C, Gradient 0 °C",,,,,,,,,,,,,,,,,,,,,,,,,,,,,,,,,,,,,,,,,,,,,,,,,
,Preheat before moving to next step,,,,,,,,,,,,,,,,,,,,,,,,,,,,,,,,,,,,,,,,,,,,,,,,,
Start Kinetic,"Runtime 50:10:00 (HH:MM:SS), Interval 0:10:00, 302 Reads",,,,,,,,,,,,,,,,,,,,,,,,,,,,,,,,,,,,,,,,,,,,,,,,,
    Shake,Double Orbital: Continuous,,,,,,,,,,,,,,,,,,,,,,,,,,,,,,,,,,,,,,,,,,,,,,,,,
,Frequency: 180 cpm (6 mm),,,,,,,,,,,,,,,,,,,,,,,,,,,,,,,,,,,,,,,,,,,,,,,,,
    Read,Absorbance Endpoint,,,,,,,,,,,,,,,,,,,,,,,,,,,,,,,,,,,,,,,,,,,,,,,,,
,Full Plate,,,,,,,,,,,,,,,,,,,,,,,,,,,,,,,,,,,,,,,,,,,,,,,,,
,Wavelengths:  600,,,,,,,,,,,,,,,,,,,,,,,,,,,,,,,,,,,,,,,,,,,,,,,,,
,"Read Speed: Normal,  Delay: 50 msec,  Measurements/Data Point: 8",,,,,,,,,,,,,,,,,,,,,,,,,,,,,,,,,,,,,,,,,,,,,,,,,
End Kinetic,,,,,,,,,,,,,,,,,,,,,,,,,,,,,,,,,,,,,,,,,,,,,,,,,,
,,,,,,,,,,,,,,,,,,,,,,,,,,,,,,,,,,,,,,,,,,,,,,,,,,
600,,,,,,,,,,,,,,,,,,,,,,,,,,,,,,,,,,,,,,,,,,,,,,,,,,
,,,,,,,,,,,,,,,,,,,,,,,,,,,,,,,,,,,,,,,,,,,,,,,,,,
,Time,T° 600,A1,A2,A3,A4,A5,A6,A7,A8,B1,B2,B3,B4,B5,B6,B7,B8,C1,C2,C3,C4,C5,C6,C7,C8,D1,D2,D3,D4,D5,D6,D7,D8,E1,E2,E3,E4,E5,E6,E7,E8,F1,F2,F3,F4,F5,F6,F7,F8
,0:09:46,27.5,0.155,0.162,0.157,0.156,0.156,0.154,0.201,0.2,0.14,0.142,0.162,0.13,0.136,0.142,0.196,0.19,0.169,0.147,0.183,0.187,0.224,0.168,0.193,0.19,0.171,0.217,0.208,0.189,0.214,0.217,0.199,0.194,0.193,0.169,0.211,0.205,0.175,0.222,0.189,0.19,0.085,0.085,0.085,0.086,0.086,0.086,0.086,0.086
,0:19:46,26.5,0.159,0.157,0.159,0.158,0.158,0.156,0.192,0.187,0.139,0.141,0.148,0.139,0.136,0.145,0.187,0.188,0.167,0.165,0.171,0.172,0.203,0.172,0.19,0.187,0.164,0.211,0.203,0.184,0.214,0.209,0.199,0.189,0.165,0.167,0.175,0.175,0.179,0.193,0.188,0.188,0.085,0.085,0.084,0.086,0.086,0.086,0.086,0.085
,0:29:46,26,0.161,0.159,0.16,0.159,0.16,0.157,0.199,0.189,0.141,0.148,0.15,0.144,0.141,0.15,0.184,0.185,0.172,0.173,0.176,0.169,0.198,0.175,0.187,0.186,0.16,0.208,0.201,0.183,0.212,0.208,0.192,0.187,0.155,0.196,0.178,0.192,0.184,0.168,0.184,0.188,0.084,0.084,0.084,0.086,0.086,0.086,0.086,0.085
,0:39:46,25.7,0.162,0.159,0.161,0.16,0.16,0.158,0.192,0.187,0.144,0.151,0.153,0.147,0.144,0.152,0.187,0.185,0.175,0.175,0.179,0.178,0.2,0.181,0.189,0.187,0.16,0.216,0.206,0.185,0.212,0.209,0.194,0.188,0.155,0.198,0.199,0.232,0.196,0.173,0.184,0.189,0.084,0.084,0.084,0.086,0.086,0.086,0.086,0.085
,0:49:46,25.5,0.164,0.161,0.162,0.161,0.162,0.159,0.194,0.191,0.148,0.154,0.156,0.151,0.149,0.154,0.188,0.19,0.179,0.18,0.185,0.19,0.205,0.188,0.195,0.189,0.16,0.218,0.213,0.186,0.215,0.211,0.202,0.189,0.161,0.194,0.2,0.248,0.202,0.196,0.186,0.193,0.085,0.085,0.085,0.086,0.085,0.086,0.086,0.085
,0:59:46,25.4,0.165,0.163,0.164,0.163,0.163,0.161,0.199,0.196,0.151,0.158,0.161,0.159,0.169,0.16,0.192,0.193,0.182,0.186,0.192,0.21,0.21,0.216,0.198,0.192,0.164,0.224,0.22,0.189,0.219,0.215,0.211,0.194,0.171,0.187,0.198,0.255,0.209,0.226,0.189,0.196,0.085,0.084,0.085,0.086,0.085,0.086,0.086,0.085
,1:09:46,25.3,0.168,0.165,0.168,0.166,0.167,0.164,0.205,0.201,0.159,0.163,0.165,0.177,0.179,0.176,0.198,0.198,0.185,0.189,0.2,0.222,0.216,0.226,0.207,0.196,0.167,0.229,0.226,0.196,0.224,0.219,0.226,0.199,0.188,0.199,0.2,0.264,0.214,0.262,0.191,0.201,0.084,0.084,0.084,0.086,0.085,0.086,0.086,0.086
,1:19:46,25.2,0.172,0.17,0.172,0.169,0.169,0.167,0.211,0.209,0.178,0.169,0.17,0.187,0.186,0.185,0.204,0.204,0.188,0.194,0.222,0.232,0.222,0.231,0.219,0.202,0.172,0.238,0.232,0.204,0.23,0.224,0.238,0.204,0.2,0.215,0.215,0.28,0.224,0.298,0.199,0.208,0.085,0.084,0.084,0.086,0.085,0.086,0.086,0.086
,1:29:46,25.2,0.176,0.174,0.174,0.172,0.171,0.172,0.221,0.215,0.188,0.18,0.177,0.193,0.191,0.189,0.211,0.211,0.192,0.198,0.24,0.238,0.227,0.237,0.255,0.21,0.175,0.245,0.238,0.214,0.236,0.23,0.247,0.211,0.213,0.233,0.231,0.311,0.236,0.32,0.206,0.217,0.085,0.084,0.085,0.086,0.085,0.086,0.086,0.087
,1:39:46,25.2,0.181,0.179,0.179,0.175,0.174,0.174,0.231,0.226,0.195,0.186,0.185,0.197,0.194,0.191,0.22,0.219,0.194,0.202,0.246,0.244,0.231,0.237,0.288,0.217,0.181,0.251,0.245,0.225,0.244,0.236,0.254,0.22,0.235,0.254,0.249,0.351,0.251,0.362,0.214,0.227,0.085,0.085,0.084,0.086,0.085,0.086,0.086,0.085
,1:49:46,25.2,0.186,0.185,0.184,0.18,0.178,0.178,0.244,0.236,0.203,0.192,0.194,0.203,0.199,0.196,0.232,0.228,0.202,0.209,0.254,0.249,0.236,0.244,0.319,0.228,0.188,0.259,0.254,0.24,0.253,0.244,0.265,0.229,0.257,0.271,0.281,0.386,0.268,0.389,0.222,0.237,0.085,0.084,0.085,0.086,0.086,0.086,0.086,0.086
,1:59:46,25.2,0.192,0.193,0.191,0.185,0.182,0.182,0.247,0.251,0.212,0.199,0.202,0.21,0.206,0.204,0.242,0.238,0.205,0.215,0.258,0.254,0.24,0.253,0.318,0.236,0.196,0.272,0.269,0.259,0.265,0.255,0.308,0.241,0.275,0.29,0.316,0.409,0.289,0.406,0.231,0.25,0.085,0.085,0.084,0.086,0.086,0.086,0.086,0.085
,2:09:46,25.2,0.198,0.2,0.199,0.191,0.189,0.186,0.257,0.264,0.221,0.208,0.211,0.217,0.214,0.214,0.253,0.253,0.208,0.219,0.265,0.258,0.246,0.263,0.333,0.25,0.206,0.288,0.292,0.278,0.28,0.266,0.369,0.254,0.296,0.312,0.349,0.434,0.315,0.427,0.247,0.263,0.084,0.084,0.084,0.086,0.086,0.086,0.086,0.085
,2:19:46,25.2,0.207,0.21,0.209,0.201,0.197,0.193,0.27,0.28,0.233,0.217,0.221,0.227,0.223,0.226,0.268,0.266,0.216,0.226,0.271,0.264,0.252,0.277,0.35,0.264,0.216,0.304,0.319,0.295,0.3,0.282,0.416,0.27,0.321,0.336,0.374,0.462,0.336,0.455,0.26,0.279,0.085,0.084,0.084,0.086,0.086,0.086,0.086,0.085
,2:29:46,25.2,0.216,0.22,0.218,0.208,0.205,0.2,0.289,0.303,0.243,0.225,0.23,0.235,0.232,0.234,0.285,0.282,0.22,0.232,0.276,0.267,0.257,0.289,0.374,0.281,0.229,0.319,0.34,0.305,0.315,0.297,0.435,0.289,0.341,0.357,0.398,0.488,0.357,0.484,0.275,0.297,0.084,0.084,0.084,0.086,0.086,0.086,0.086,0.085
,2:39:46,25.2,0.227,0.232,0.229,0.219,0.217,0.212,0.314,0.322,0.255,0.235,0.239,0.245,0.242,0.246,0.308,0.301,0.227,0.24,0.281,0.271,0.263,0.304,0.393,0.299,0.245,0.336,0.358,0.319,0.333,0.313,0.459,0.315,0.36,0.375,0.42,0.512,0.382,0.509,0.304,0.319,0.084,0.084,0.084,0.086,0.086,0.086,0.086,0.085
,2:49:46,25.2,0.241,0.244,0.242,0.231,0.23,0.226,0.34,0.345,0.267,0.246,0.25,0.256,0.253,0.259,0.329,0.324,0.235,0.248,0.288,0.277,0.273,0.316,0.412,0.321,0.265,0.355,0.379,0.338,0.355,0.333,0.503,0.344,0.379,0.397,0.44,0.537,0.404,0.534,0.33,0.344,0.084,0.085,0.084,0.086,0.086,0.086,0.086,0.086
,2:59:46,25.2,0.252,0.256,0.253,0.241,0.24,0.237,0.369,0.37,0.278,0.257,0.26,0.267,0.264,0.269,0.356,0.349,0.24,0.256,0.293,0.283,0.282,0.33,0.445,0.35,0.288,0.379,0.402,0.359,0.378,0.357,0.538,0.375,0.401,0.42,0.46,0.557,0.431,0.555,0.358,0.371,0.084,0.085,0.084,0.086,0.086,0.086,0.086,0.086
,3:09:46,25.2,0.263,0.268,0.265,0.253,0.253,0.248,0.392,0.396,0.291,0.267,0.272,0.279,0.274,0.28,0.381,0.372,0.249,0.264,0.298,0.289,0.294,0.341,0.482,0.378,0.309,0.407,0.427,0.387,0.404,0.388,0.575,0.407,0.423,0.441,0.482,0.583,0.454,0.578,0.386,0.403,0.084,0.085,0.084,0.086,0.086,0.086,0.086,0.085
,3:19:46,25.1,0.276,0.284,0.28,0.267,0.266,0.26,0.42,0.426,0.304,0.28,0.284,0.291,0.287,0.293,0.413,0.4,0.255,0.272,0.304,0.299,0.309,0.355,0.519,0.412,0.329,0.436,0.456,0.416,0.436,0.422,0.605,0.448,0.443,0.458,0.501,0.605,0.48,0.601,0.419,0.438,0.084,0.085,0.084,0.086,0.086,0.086,0.086,0.085
,3:29:46,25.1,0.286,0.299,0.296,0.278,0.277,0.271,0.452,0.459,0.318,0.292,0.296,0.303,0.299,0.304,0.448,0.438,0.263,0.281,0.311,0.31,0.325,0.367,0.561,0.461,0.352,0.473,0.487,0.451,0.462,0.46,0.646,0.486,0.469,0.478,0.523,0.633,0.512,0.626,0.467,0.482,0.084,0.085,0.084,0.086,0.086,0.086,0.086,0.085
,3:39:46,25.2,0.298,0.319,0.324,0.295,0.291,0.282,0.505,0.498,0.33,0.305,0.309,0.315,0.313,0.316,0.494,0.486,0.27,0.291,0.321,0.323,0.344,0.377,0.604,0.505,0.377,0.499,0.52,0.482,0.485,0.5,0.693,0.534,0.493,0.499,0.546,0.658,0.547,0.651,0.501,0.528,0.084,0.085,0.084,0.086,0.086,0.086,0.086,0.085
,3:49:46,25.2,0.311,0.349,0.36,0.311,0.303,0.294,0.545,0.545,0.342,0.321,0.321,0.328,0.326,0.328,0.555,0.542,0.278,0.3,0.332,0.335,0.359,0.386,0.649,0.548,0.406,0.535,0.539,0.521,0.513,0.544,0.733,0.574,0.523,0.522,0.572,0.684,0.581,0.679,0.539,0.572,0.084,0.085,0.084,0.086,0.086,0.086,0.086,0.086
,3:59:46,25.2,0.323,0.372,0.388,0.328,0.316,0.304,0.586,0.577,0.353,0.331,0.333,0.34,0.338,0.34,0.599,0.573,0.285,0.31,0.345,0.349,0.374,0.397,0.684,0.575,0.461,0.55,0.568,0.564,0.54,0.57,0.772,0.604,0.548,0.544,0.597,0.709,0.618,0.708,0.575,0.61,0.084,0.085,0.084,0.086,0.086,0.086,0.086,0.085
,4:09:46,25.1,0.385,0.382,0.413,0.365,0.328,0.314,0.623,0.603,0.36,0.34,0.345,0.352,0.353,0.345,0.63,0.606,0.294,0.32,0.359,0.362,0.389,0.406,0.707,0.6,0.491,0.571,0.589,0.606,0.589,0.607,0.804,0.636,0.594,0.572,0.622,0.74,0.656,0.732,0.615,0.642,0.084,0.085,0.084,0.085,0.086,0.086,0.086,0.086
,4:19:46,25.1,0.475,0.394,0.433,0.435,0.346,0.323,0.658,0.637,0.375,0.35,0.358,0.384,0.376,0.354,0.664,0.64,0.303,0.331,0.374,0.376,0.402,0.411,0.73,0.633,0.546,0.585,0.623,0.633,0.635,0.645,0.829,0.653,0.619,0.589,0.644,0.754,0.671,0.752,0.63,0.664,0.084,0.085,0.084,0.086,0.086,0.086,0.086,0.086
,4:29:46,25.1,0.519,0.409,0.451,0.487,0.398,0.336,0.683,0.653,0.394,0.367,0.372,0.392,0.395,0.365,0.693,0.661,0.311,0.342,0.391,0.389,0.415,0.42,0.757,0.647,0.548,0.617,0.638,0.674,0.648,0.673,0.844,0.681,0.615,0.611,0.663,0.77,0.679,0.778,0.645,0.692,0.084,0.085,0.084,0.086,0.086,0.086,0.086,0.086
,4:39:46,25.1,0.535,0.423,0.463,0.506,0.475,0.385,0.712,0.688,0.392,0.38,0.386,0.42,0.421,0.375,0.718,0.681,0.321,0.353,0.406,0.402,0.424,0.43,0.779,0.676,0.575,0.665,0.687,0.7,0.68,0.713,0.866,0.705,0.651,0.634,0.704,0.803,0.697,0.787,0.673,0.714,0.084,0.085,0.084,0.086,0.086,0.086,0.086,0.086
,4:49:46,25.1,0.555,0.443,0.48,0.518,0.544,0.479,0.717,0.708,0.413,0.398,0.413,0.424,0.419,0.393,0.733,0.697,0.332,0.363,0.421,0.414,0.436,0.441,0.787,0.689,0.616,0.696,0.699,0.714,0.722,0.737,0.877,0.728,0.641,0.654,0.697,0.794,0.717,0.8,0.691,0.742,0.084,0.085,0.084,0.086,0.086,0.086,0.086,0.085
,4:59:46,25.1,0.576,0.459,0.494,0.525,0.588,0.564,0.736,0.718,0.429,0.402,0.422,0.434,0.436,0.398,0.746,0.711,0.339,0.375,0.435,0.425,0.444,0.45,0.806,0.726,0.604,0.701,0.729,0.744,0.751,0.759,0.884,0.744,0.66,0.661,0.721,0.808,0.718,0.815,0.706,0.754,0.084,0.085,0.084,0.086,0.086,0.086,0.086,0.085
,5:09:46,25.1,0.587,0.475,0.51,0.535,0.62,0.623,0.746,0.743,0.452,0.42,0.439,0.448,0.444,0.411,0.756,0.726,0.349,0.384,0.449,0.437,0.454,0.46,0.819,0.732,0.624,0.724,0.75,0.754,0.772,0.769,0.898,0.758,0.676,0.675,0.717,0.826,0.731,0.84,0.733,0.755,0.084,0.085,0.084,0.086,0.086,0.086,0.086,0.085
,5:19:46,25.1,0.596,0.489,0.522,0.539,0.637,0.661,0.758,0.757,0.468,0.448,0.468,0.446,0.437,0.427,0.773,0.744,0.36,0.395,0.462,0.448,0.465,0.473,0.822,0.736,0.651,0.746,0.763,0.771,0.77,0.773,0.905,0.772,0.686,0.687,0.73,0.838,0.755,0.841,0.747,0.782,0.084,0.085,0.084,0.086,0.086,0.086,0.086,0.085
,5:29:46,25.1,0.611,0.505,0.533,0.547,0.633,0.659,0.767,0.771,0.478,0.452,0.488,0.472,0.449,0.463,0.774,0.754,0.372,0.406,0.474,0.459,0.475,0.48,0.825,0.757,0.676,0.763,0.77,0.791,0.78,0.785,0.917,0.778,0.694,0.695,0.736,0.837,0.748,0.844,0.764,0.793,0.084,0.085,0.084,0.086,0.086,0.086,0.086,0.085
,5:39:46,25.1,0.615,0.52,0.543,0.558,0.627,0.653,0.778,0.778,0.488,0.477,0.49,0.493,0.463,0.486,0.794,0.768,0.384,0.416,0.487,0.471,0.486,0.491,0.843,0.767,0.677,0.779,0.783,0.787,0.808,0.821,0.93,0.791,0.698,0.713,0.765,0.84,0.764,0.861,0.778,0.817,0.084,0.085,0.084,0.086,0.086,0.086,0.086,0.085
,5:49:46,25.1,0.627,0.533,0.553,0.568,0.625,0.645,0.791,0.794,0.515,0.494,0.538,0.503,0.461,0.503,0.803,0.77,0.394,0.428,0.5,0.483,0.498,0.507,0.839,0.772,0.686,0.783,0.791,0.802,0.816,0.821,0.939,0.809,0.715,0.732,0.768,0.847,0.779,0.865,0.777,0.827,0.084,0.085,0.084,0.086,0.086,0.086,0.086,0.086
,5:59:46,25.1,0.632,0.546,0.563,0.579,0.631,0.649,0.796,0.802,0.506,0.511,0.541,0.542,0.481,0.532,0.803,0.794,0.407,0.438,0.512,0.494,0.509,0.514,0.873,0.804,0.683,0.782,0.796,0.809,0.836,0.814,0.952,0.834,0.724,0.729,0.768,0.863,0.779,0.884,0.8,0.828,0.084,0.085,0.084,0.086,0.086,0.086,0.086,0.085
,6:09:46,25.1,0.645,0.559,0.574,0.591,0.638,0.656,0.813,0.821,0.549,0.525,0.555,0.549,0.494,0.558,0.821,0.796,0.418,0.449,0.526,0.506,0.521,0.524,0.86,0.803,0.7,0.803,0.8,0.817,0.845,0.836,0.955,0.828,0.716,0.746,0.776,0.87,0.791,0.897,0.813,0.849,0.084,0.085,0.084,0.086,0.086,0.086,0.086,0.085
,6:19:46,25.1,0.649,0.568,0.582,0.601,0.644,0.664,0.828,0.828,0.536,0.549,0.583,0.593,0.526,0.57,0.837,0.808,0.428,0.459,0.539,0.514,0.532,0.535,0.871,0.811,0.722,0.807,0.829,0.817,0.831,0.831,0.969,0.844,0.736,0.749,0.806,0.884,0.808,0.904,0.813,0.856,0.084,0.085,0.084,0.086,0.086,0.086,0.086,0.085
,6:29:46,25.1,0.658,0.577,0.592,0.611,0.651,0.673,0.843,0.845,0.557,0.545,0.601,0.607,0.546,0.589,0.844,0.817,0.436,0.466,0.548,0.524,0.541,0.544,0.887,0.832,0.714,0.817,0.821,0.839,0.87,0.858,0.981,0.859,0.741,0.774,0.82,0.883,0.824,0.9,0.832,0.874,0.084,0.085,0.084,0.086,0.086,0.086,0.086,0.086
,6:39:46,25.1,0.663,0.586,0.602,0.621,0.659,0.682,0.846,0.849,0.575,0.561,0.616,0.619,0.566,0.6,0.852,0.825,0.445,0.473,0.556,0.535,0.551,0.552,0.909,0.84,0.725,0.806,0.825,0.837,0.87,0.873,0.982,0.873,0.745,0.772,0.814,0.898,0.834,0.91,0.829,0.884,0.084,0.085,0.084,0.086,0.086,0.086,0.086,0.085
,6:49:46,25.1,0.669,0.593,0.612,0.63,0.666,0.693,0.85,0.866,0.58,0.574,0.622,0.627,0.592,0.62,0.86,0.833,0.455,0.481,0.559,0.541,0.561,0.564,0.911,0.848,0.74,0.826,0.838,0.852,0.877,0.882,0.99,0.884,0.752,0.789,0.82,0.907,0.833,0.914,0.839,0.898,0.084,0.085,0.084,0.086,0.086,0.086,0.086,0.085
,6:59:46,25.1,0.678,0.602,0.621,0.639,0.672,0.7,0.875,0.874,0.617,0.584,0.641,0.641,0.605,0.629,0.869,0.846,0.462,0.49,0.564,0.549,0.57,0.571,0.918,0.856,0.75,0.831,0.857,0.849,0.89,0.895,1.004,0.894,0.766,0.788,0.822,0.897,0.85,0.932,0.856,0.915,0.084,0.085,0.084,0.086,0.086,0.086,0.086,0.085
,7:09:46,25.1,0.689,0.609,0.632,0.648,0.68,0.707,0.881,0.893,0.614,0.598,0.65,0.657,0.616,0.643,0.88,0.849,0.47,0.498,0.566,0.557,0.577,0.583,0.92,0.847,0.765,0.84,0.849,0.875,0.893,0.918,1.006,0.9,0.769,0.793,0.846,0.915,0.858,0.942,0.851,0.919,0.084,0.085,0.085,0.086,0.086,0.086,0.086,0.085
,7:19:46,25.1,0.695,0.617,0.641,0.657,0.685,0.719,0.878,0.905,0.639,0.612,0.638,0.661,0.623,0.658,0.881,0.874,0.479,0.503,0.569,0.564,0.584,0.589,0.917,0.869,0.779,0.859,0.864,0.871,0.918,0.919,1.008,0.897,0.779,0.804,0.849,0.923,0.861,0.94,0.86,0.915,0.084,0.085,0.085,0.086,0.086,0.086,0.086,0.085
,7:29:46,25.1,0.707,0.623,0.649,0.665,0.692,0.734,0.888,0.91,0.651,0.62,0.664,0.676,0.644,0.666,0.895,0.864,0.485,0.51,0.574,0.573,0.593,0.599,0.928,0.875,0.789,0.858,0.876,0.909,0.926,0.933,1.02,0.902,0.786,0.801,0.85,0.922,0.876,0.951,0.853,0.925,0.084,0.085,0.085,0.086,0.086,0.086,0.086,0.085
,7:39:46,25.1,0.723,0.63,0.66,0.678,0.704,0.748,0.891,0.932,0.654,0.637,0.673,0.683,0.661,0.677,0.902,0.882,0.496,0.518,0.581,0.581,0.6,0.605,0.931,0.888,0.81,0.851,0.89,0.918,0.932,0.953,1.031,0.916,0.794,0.812,0.855,0.917,0.883,0.947,0.867,0.94,0.084,0.085,0.085,0.086,0.086,0.086,0.086,0.085
,7:49:46,25.1,0.736,0.638,0.67,0.692,0.717,0.766,0.909,0.941,0.653,0.64,0.686,0.698,0.666,0.69,0.921,0.906,0.503,0.526,0.588,0.59,0.608,0.612,0.959,0.894,0.81,0.877,0.91,0.918,0.947,0.949,1.042,0.932,0.793,0.814,0.852,0.926,0.889,0.952,0.875,0.963,0.084,0.085,0.086,0.086,0.086,0.086,0.086,0.085
,7:59:46,25.1,0.754,0.648,0.683,0.706,0.732,0.781,0.922,0.947,0.651,0.658,0.678,0.683,0.669,0.689,0.94,0.911,0.512,0.532,0.593,0.598,0.614,0.624,0.947,0.909,0.827,0.889,0.905,0.931,0.958,0.947,1.044,0.935,0.802,0.822,0.862,0.928,0.897,0.954,0.884,0.96,0.084,0.085,0.086,0.086,0.086,0.086,0.086,0.085
,8:09:46,25.1,0.769,0.657,0.696,0.719,0.745,0.797,0.926,0.951,0.662,0.656,0.684,0.705,0.673,0.689,0.94,0.923,0.52,0.539,0.6,0.603,0.619,0.634,0.965,0.929,0.829,0.89,0.918,0.943,0.969,0.961,1.051,0.956,0.805,0.823,0.876,0.935,0.901,0.966,0.893,0.98,0.084,0.085,0.087,0.086,0.086,0.086,0.086,0.085
,8:19:46,25.1,0.785,0.667,0.71,0.733,0.759,0.813,0.943,0.963,0.666,0.664,0.685,0.695,0.681,0.687,0.939,0.927,0.528,0.547,0.608,0.611,0.626,0.647,0.973,0.921,0.849,0.91,0.931,0.953,0.976,0.97,1.061,0.962,0.811,0.831,0.876,0.934,0.913,0.963,0.906,0.985,0.084,0.085,0.087,0.086,0.086,0.086,0.086,0.085
,8:29:46,25.1,0.796,0.677,0.72,0.744,0.772,0.828,0.944,0.965,0.655,0.664,0.696,0.709,0.67,0.689,0.938,0.926,0.536,0.554,0.616,0.616,0.633,0.66,0.968,0.937,0.861,0.917,0.938,0.967,0.98,0.983,1.053,0.97,0.815,0.835,0.882,0.938,0.922,0.972,0.914,0.977,0.084,0.085,0.088,0.086,0.086,0.086,0.086,0.085
,8:39:46,25.1,0.811,0.686,0.73,0.754,0.783,0.842,0.938,0.976,0.65,0.671,0.704,0.711,0.693,0.703,0.946,0.929,0.547,0.562,0.624,0.623,0.641,0.671,0.974,0.935,0.881,0.923,0.949,0.961,0.986,0.997,1.041,0.973,0.816,0.837,0.889,0.941,0.927,0.97,0.922,0.988,0.084,0.085,0.089,0.086,0.085,0.086,0.086,0.085
,8:49:46,25.1,0.827,0.695,0.74,0.764,0.792,0.854,0.952,0.983,0.655,0.682,0.709,0.711,0.692,0.71,0.947,0.918,0.556,0.57,0.632,0.629,0.65,0.68,0.987,0.939,0.89,0.923,0.964,0.981,1.005,1.006,1.054,0.97,0.819,0.841,0.892,0.947,0.928,0.977,0.92,0.984,0.084,0.085,0.09,0.086,0.086,0.086,0.086,0.085
,8:59:46,25.1,0.841,0.703,0.749,0.774,0.804,0.867,0.948,0.994,0.665,0.685,0.714,0.714,0.704,0.707,0.951,0.934,0.563,0.577,0.64,0.637,0.657,0.696,0.987,0.941,0.903,0.932,0.979,0.989,1.022,1.019,1.056,0.962,0.828,0.846,0.899,0.942,0.936,0.975,0.917,0.99,0.084,0.085,0.091,0.086,0.086,0.086,0.086,0.085
,9:09:46,25.1,0.858,0.712,0.759,0.784,0.816,0.879,0.951,1.008,0.673,0.684,0.716,0.717,0.698,0.71,0.956,0.943,0.572,0.584,0.649,0.644,0.664,0.71,0.975,0.937,0.909,0.941,0.982,0.999,1.033,1.034,1.05,0.962,0.833,0.846,0.902,0.942,0.943,0.978,0.924,0.994,0.084,0.085,0.093,0.086,0.086,0.086,0.086,0.085
,9:19:46,25.1,0.872,0.722,0.769,0.795,0.828,0.894,0.952,1.017,0.675,0.691,0.711,0.716,0.707,0.721,0.969,0.941,0.579,0.592,0.663,0.649,0.67,0.724,0.98,0.944,0.916,0.942,0.996,1.009,1.036,1.03,1.049,0.966,0.835,0.85,0.906,0.945,0.943,0.979,0.929,0.997,0.084,0.085,0.093,0.086,0.085,0.086,0.086,0.085
,9:29:46,25.1,0.886,0.73,0.78,0.807,0.841,0.909,0.961,1.032,0.658,0.693,0.724,0.725,0.706,0.725,0.966,0.946,0.588,0.601,0.677,0.66,0.674,0.734,0.988,0.952,0.923,0.948,0.997,1.019,1.038,1.029,1.058,0.975,0.84,0.853,0.907,0.945,0.948,0.98,0.924,1.008,0.084,0.085,0.094,0.086,0.085,0.086,0.086,0.085
,9:39:46,25.1,0.899,0.738,0.791,0.819,0.854,0.926,0.965,1.045,0.644,0.706,0.72,0.729,0.716,0.719,0.969,0.944,0.595,0.611,0.691,0.669,0.68,0.739,0.989,0.956,0.92,0.947,1.004,1.022,1.054,1.025,1.058,0.983,0.839,0.856,0.911,0.946,0.95,0.982,0.936,1.007,0.084,0.085,0.094,0.086,0.085,0.086,0.085,0.085
,9:49:46,25.1,0.913,0.745,0.802,0.832,0.868,0.942,0.968,1.053,0.643,0.706,0.734,0.734,0.716,0.729,0.987,0.962,0.603,0.62,0.7,0.681,0.685,0.745,0.993,0.961,0.929,0.961,1.012,1.028,1.047,1.031,1.056,0.982,0.845,0.858,0.909,0.95,0.96,0.988,0.941,1.014,0.084,0.085,0.095,0.086,0.085,0.086,0.086,0.085
,9:59:46,25.1,0.927,0.754,0.814,0.845,0.883,0.959,0.978,1.063,0.681,0.71,0.709,0.733,0.724,0.738,0.997,0.964,0.614,0.627,0.711,0.691,0.693,0.753,0.997,0.969,0.938,0.966,1.016,1.014,1.055,1.039,1.061,0.985,0.851,0.856,0.911,0.954,0.964,0.991,0.947,1.024,0.084,0.085,0.095,0.086,0.086,0.086,0.086,0.086
,10:09:46,25.1,0.94,0.761,0.825,0.857,0.896,0.973,0.98,1.071,0.673,0.714,0.736,0.73,0.72,0.724,1.001,0.961,0.621,0.637,0.719,0.696,0.705,0.762,0.992,0.969,0.941,0.969,1.011,1.028,1.054,1.036,1.064,0.994,0.857,0.86,0.913,0.956,0.967,0.992,0.951,1.033,0.084,0.085,0.096,0.086,0.085,0.086,0.086,0.085
,10:19:46,25.1,0.952,0.769,0.837,0.87,0.91,0.99,0.984,1.085,0.668,0.72,0.74,0.739,0.731,0.745,1.003,0.966,0.63,0.644,0.727,0.703,0.718,0.768,0.998,0.971,0.943,0.98,1.021,1.035,1.057,1.04,1.063,0.996,0.862,0.862,0.912,0.96,0.97,0.994,0.961,1.04,0.084,0.085,0.097,0.086,0.085,0.086,0.085,0.085
,10:29:46,25.1,0.966,0.778,0.849,0.883,0.924,1.004,0.998,1.092,0.686,0.728,0.739,0.732,0.73,0.729,1.012,0.982,0.64,0.653,0.736,0.712,0.728,0.778,1,0.984,0.95,0.98,1.016,1.033,1.067,1.047,1.066,1,0.869,0.866,0.918,0.962,0.977,0.997,0.966,1.051,0.084,0.085,0.099,0.086,0.085,0.086,0.085,0.085
,10:39:46,25.1,0.979,0.786,0.859,0.895,0.936,1.016,1,1.105,0.68,0.728,0.752,0.747,0.732,0.741,1.018,0.984,0.649,0.663,0.742,0.723,0.735,0.787,1.005,0.987,0.96,0.988,1.027,1.041,1.069,1.049,1.07,1.009,0.876,0.869,0.92,0.968,0.984,1.002,0.976,1.056,0.084,0.085,0.1,0.086,0.085,0.086,0.085,0.086
,10:49:46,25.1,0.993,0.794,0.87,0.908,0.95,1.031,1.011,1.115,0.675,0.733,0.754,0.749,0.734,0.731,1.028,0.99,0.659,0.67,0.75,0.732,0.741,0.797,1.004,0.988,0.965,1.004,1.032,1.038,1.073,1.056,1.071,1.016,0.88,0.871,0.927,0.973,0.987,1.006,0.973,1.062,0.084,0.085,0.102,0.086,0.085,0.086,0.085,0.085
,10:59:46,25.1,1.004,0.801,0.879,0.919,0.963,1.044,1.016,1.117,0.679,0.742,0.76,0.751,0.741,0.748,1.037,0.991,0.669,0.679,0.755,0.742,0.75,0.803,1.005,0.994,0.968,1.007,1.034,1.038,1.076,1.058,1.077,1.02,0.884,0.875,0.928,0.974,0.995,1.009,0.98,1.068,0.084,0.085,0.104,0.086,0.085,0.086,0.086,0.085
,11:09:46,25.1,1.016,0.809,0.89,0.932,0.976,1.057,1.016,1.123,0.68,0.743,0.758,0.752,0.749,0.741,1.046,1.004,0.678,0.687,0.762,0.75,0.761,0.813,1.01,1.001,0.975,1.012,1.041,1.046,1.086,1.055,1.081,1.028,0.89,0.882,0.931,0.981,0.999,1.014,0.987,1.072,0.084,0.085,0.106,0.086,0.085,0.086,0.085,0.086
,11:19:46,25.1,1.028,0.816,0.901,0.944,0.99,1.07,1.02,1.132,0.699,0.745,0.76,0.751,0.743,0.743,1.058,1.009,0.689,0.695,0.77,0.764,0.771,0.819,1.015,1.006,0.978,1.02,1.043,1.051,1.086,1.059,1.081,1.032,0.896,0.885,0.935,0.981,1.003,1.017,0.984,1.078,0.084,0.085,0.109,0.086,0.085,0.086,0.085,0.086
,11:29:46,25,1.04,0.823,0.911,0.957,1.003,1.084,1.031,1.143,0.686,0.748,0.763,0.757,0.742,0.746,1.065,1.016,0.698,0.702,0.777,0.773,0.787,0.828,1.013,1.003,0.989,1.026,1.049,1.05,1.096,1.066,1.083,1.041,0.903,0.889,0.937,0.987,1.008,1.024,0.992,1.091,0.084,0.085,0.111,0.086,0.085,0.086,0.085,0.085
,11:39:46,25.1,1.052,0.83,0.923,0.969,1.018,1.097,1.031,1.151,0.701,0.75,0.736,0.753,0.744,0.741,1.073,1.028,0.708,0.709,0.783,0.786,0.802,0.835,1.019,1.014,0.994,1.024,1.051,1.046,1.101,1.072,1.088,1.046,0.909,0.893,0.943,0.988,1.014,1.024,0.99,1.093,0.084,0.085,0.114,0.086,0.085,0.086,0.085,0.085
,11:49:46,25,1.061,0.836,0.931,0.98,1.029,1.109,1.039,1.156,0.691,0.749,0.759,0.759,0.755,0.742,1.081,1.032,0.717,0.719,0.794,0.796,0.816,0.84,1.028,1.018,1,1.028,1.054,1.057,1.097,1.075,1.088,1.052,0.911,0.9,0.945,0.99,1.02,1.03,0.996,1.104,0.084,0.085,0.117,0.086,0.085,0.086,0.085,0.085
,11:59:46,25,1.072,0.843,0.944,0.992,1.042,1.121,1.045,1.162,0.709,0.751,0.745,0.756,0.748,0.749,1.089,1.042,0.726,0.725,0.807,0.809,0.825,0.85,1.023,1.023,1.009,1.042,1.059,1.067,1.103,1.082,1.096,1.057,0.924,0.905,0.947,0.994,1.026,1.036,1.003,1.113,0.084,0.085,0.121,0.086,0.085,0.086,0.085,0.085
,12:09:46,25.1,1.081,0.85,0.952,1.003,1.054,1.132,1.053,1.174,0.707,0.753,0.744,0.737,0.757,0.745,1.096,1.052,0.735,0.741,0.819,0.819,0.831,0.857,1.027,1.025,1.011,1.048,1.064,1.067,1.114,1.084,1.098,1.061,0.935,0.912,0.956,0.999,1.031,1.038,1.009,1.122,0.084,0.085,0.125,0.086,0.085,0.086,0.085,0.086
,12:19:46,25.1,1.089,0.855,0.96,1.012,1.064,1.141,1.054,1.185,0.71,0.756,0.764,0.755,0.757,0.751,1.104,1.055,0.743,0.758,0.832,0.827,0.842,0.863,1.03,1.026,1.019,1.05,1.069,1.074,1.115,1.086,1.097,1.07,0.94,0.918,0.96,1.002,1.038,1.045,1.005,1.128,0.084,0.085,0.133,0.086,0.085,0.086,0.085,0.086
,12:29:46,25.1,1.097,0.862,0.969,1.023,1.074,1.151,1.061,1.192,0.719,0.759,0.762,0.747,0.758,0.75,1.112,1.066,0.752,0.772,0.84,0.836,0.848,0.871,1.036,1.041,1.021,1.058,1.072,1.081,1.121,1.089,1.101,1.075,0.951,0.925,0.968,1.004,1.042,1.05,1.018,1.137,0.084,0.085,0.141,0.086,0.085,0.086,0.085,0.086
,12:39:46,25.1,1.105,0.868,0.978,1.032,1.084,1.16,1.065,1.195,0.72,0.759,0.756,0.746,0.753,0.749,1.115,1.073,0.758,0.784,0.846,0.841,0.853,0.877,1.04,1.045,1.026,1.068,1.077,1.084,1.12,1.095,1.1,1.088,0.958,0.928,0.975,1.006,1.047,1.054,1.022,1.144,0.084,0.085,0.153,0.086,0.085,0.086,0.085,0.085
,12:49:46,25.1,1.114,0.874,0.989,1.044,1.095,1.169,1.075,1.198,0.737,0.756,0.757,0.742,0.739,0.747,1.123,1.077,0.766,0.793,0.852,0.847,0.859,0.881,1.045,1.048,1.031,1.073,1.078,1.088,1.123,1.093,1.107,1.094,0.965,0.925,0.974,1.011,1.053,1.057,1.022,1.146,0.084,0.085,0.165,0.086,0.085,0.086,0.085,0.085
,12:59:46,25.1,1.121,0.879,0.996,1.052,1.104,1.176,1.08,1.208,0.721,0.765,0.752,0.746,0.755,0.748,1.129,1.088,0.77,0.801,0.856,0.855,0.867,0.893,1.046,1.05,1.036,1.077,1.08,1.094,1.132,1.094,1.108,1.097,0.971,0.933,0.984,1.01,1.056,1.062,1.02,1.152,0.084,0.085,0.181,0.086,0.085,0.086,0.085,0.085
,13:09:46,25.1,1.128,0.885,1.004,1.059,1.113,1.183,1.085,1.214,0.737,0.76,0.757,0.746,0.745,0.749,1.134,1.085,0.776,0.808,0.863,0.862,0.873,0.897,1.048,1.056,1.037,1.081,1.084,1.095,1.132,1.096,1.111,1.101,0.974,0.946,0.987,1.016,1.061,1.067,1.031,1.159,0.084,0.085,0.199,0.086,0.085,0.086,0.085,0.085
,13:19:46,25.1,1.136,0.891,1.011,1.069,1.121,1.19,1.093,1.223,0.724,0.762,0.756,0.748,0.747,0.754,1.142,1.091,0.782,0.814,0.873,0.872,0.881,0.906,1.054,1.064,1.042,1.081,1.09,1.096,1.134,1.1,1.117,1.107,0.983,0.947,0.992,1.018,1.065,1.069,1.035,1.163,0.084,0.085,0.222,0.086,0.085,0.086,0.085,0.086
,13:29:46,25.1,1.144,0.896,1.019,1.077,1.129,1.196,1.096,1.228,0.736,0.762,0.762,0.756,0.745,0.753,1.142,1.096,0.788,0.822,0.88,0.875,0.889,0.914,1.053,1.065,1.047,1.087,1.091,1.099,1.135,1.099,1.113,1.11,0.987,0.947,1,1.022,1.073,1.075,1.036,1.169,0.084,0.085,*0.250*,0.086,0.085,0.086,0.085,0.085
,13:39:46,25,1.15,0.9,1.026,1.085,1.136,1.202,1.104,1.228,0.741,0.766,0.765,0.759,0.757,0.761,1.149,1.098,0.798,0.827,0.886,0.884,0.893,0.917,1.063,1.075,1.047,1.089,1.095,1.101,1.142,1.107,1.121,1.113,0.993,0.953,1.002,1.022,1.076,1.08,1.053,1.172,0.084,0.085,0.284,0.086,0.085,0.086,0.085,0.086
,13:49:46,25,1.157,0.906,1.033,1.093,1.146,1.208,1.109,1.236,0.739,0.769,0.768,0.761,0.753,0.76,1.149,1.105,0.802,0.835,0.892,0.89,0.9,0.923,1.065,1.084,1.05,1.089,1.096,1.101,1.144,1.103,1.117,1.119,1,0.962,1.006,1.027,1.081,1.086,1.053,1.176,0.084,0.085,0.326,0.086,0.085,0.086,0.085,0.086
,13:59:46,25,1.165,0.91,1.041,1.1,1.154,1.212,1.114,1.247,0.748,0.771,0.773,0.764,0.754,0.762,1.155,1.109,0.805,0.839,0.9,0.898,0.907,0.933,1.068,1.089,1.054,1.096,1.098,1.102,1.141,1.109,1.12,1.129,1.006,0.963,1.009,1.03,1.086,1.091,1.058,1.18,0.084,0.085,0.371,0.085,0.085,0.086,0.086,0.086
,14:09:46,25.1,1.171,0.914,1.048,1.108,1.16,1.216,1.121,1.245,0.748,0.774,0.775,0.768,0.757,0.764,1.161,1.11,0.816,0.847,0.904,0.905,0.91,0.943,1.074,1.094,1.056,1.095,1.099,1.103,1.144,1.111,1.123,1.128,1.009,0.969,1.013,1.031,1.09,1.092,1.065,1.184,0.084,0.085,0.412,0.086,0.085,0.086,0.086,0.086
,14:19:46,25.1,1.178,0.919,1.056,1.115,1.168,1.222,1.128,1.252,0.747,0.776,0.776,0.77,0.759,0.764,1.163,1.116,0.825,0.854,0.911,0.913,0.922,0.945,1.072,1.103,1.059,1.098,1.097,1.102,1.141,1.109,1.124,1.132,1.021,0.968,1.02,1.032,1.093,1.099,1.059,1.19,0.084,0.085,0.492,0.086,0.085,0.086,0.086,0.086
,14:29:46,25,1.183,0.923,1.063,1.121,1.173,1.223,1.127,1.247,0.755,0.78,0.782,0.775,0.762,0.767,1.167,1.123,0.84,0.86,0.918,0.919,0.924,0.959,1.079,1.103,1.062,1.098,1.1,1.108,1.141,1.113,1.133,1.135,1.023,0.977,1.025,1.038,1.1,1.102,1.062,1.192,0.084,0.085,0.516,0.086,0.085,0.086,0.086,0.086
,14:39:46,25.1,1.19,0.927,1.068,1.127,1.178,1.226,1.128,1.248,0.757,0.783,0.786,0.778,0.765,0.77,1.17,1.13,0.865,0.866,0.927,0.925,0.931,0.966,1.081,1.105,1.064,1.1,1.101,1.105,1.149,1.111,1.137,1.138,1.032,0.981,1.029,1.04,1.101,1.107,1.065,1.191,0.084,0.085,0.531,0.086,0.085,0.086,0.086,0.086
,14:49:46,25.1,1.196,0.931,1.076,1.134,1.184,1.229,1.132,1.258,0.757,0.786,0.788,0.781,0.77,0.772,1.173,1.132,0.882,0.878,0.935,0.93,0.939,0.975,1.084,1.11,1.065,1.104,1.102,1.107,1.152,1.111,1.138,1.136,1.038,0.986,1.029,1.043,1.106,1.113,1.075,1.2,0.084,0.085,0.557,0.086,0.085,0.086,0.086,0.086
,14:59:46,25.1,1.201,0.935,1.083,1.139,1.19,1.229,1.138,1.256,0.763,0.789,0.792,0.785,0.772,0.775,1.176,1.133,0.891,0.884,0.943,0.94,0.947,0.979,1.088,1.112,1.068,1.105,1.102,1.107,1.15,1.114,1.139,1.141,1.047,0.987,1.037,1.046,1.11,1.119,1.081,1.202,0.084,0.085,0.576,0.085,0.085,0.086,0.086,0.086
,15:09:46,25.1,1.207,0.94,1.089,1.146,1.195,1.228,1.143,1.253,0.765,0.793,0.794,0.788,0.775,0.778,1.181,1.135,0.898,0.892,0.952,0.945,0.954,0.986,1.091,1.123,1.068,1.107,1.103,1.109,1.15,1.113,1.141,1.144,1.052,0.989,1.037,1.049,1.115,1.124,1.077,1.208,0.084,0.085,0.62,0.086,0.085,0.086,0.086,0.086
,15:19:46,25,1.212,0.944,1.095,1.152,1.199,1.224,1.145,1.264,0.769,0.796,0.798,0.791,0.778,0.78,1.183,1.138,0.905,0.901,0.962,0.953,0.96,1,1.093,1.123,1.072,1.11,1.103,1.107,1.147,1.114,1.139,1.148,1.059,0.994,1.041,1.052,1.119,1.127,1.078,1.206,0.085,0.085,0.612,0.086,0.085,0.086,0.086,0.086
,15:29:46,25.1,1.217,0.947,1.102,1.157,1.204,1.217,1.151,1.261,0.769,0.799,0.801,0.794,0.781,0.784,1.181,1.14,0.915,0.91,0.97,0.959,0.97,1.011,1.094,1.124,1.074,1.109,1.104,1.108,1.151,1.112,1.143,1.153,1.066,0.994,1.045,1.056,1.122,1.133,1.082,1.209,0.085,0.085,0.665,0.086,0.085,0.086,0.086,0.086
,15:39:46,25.1,1.221,0.95,1.107,1.161,1.206,1.209,1.149,1.259,0.774,0.801,0.804,0.796,0.781,0.785,1.184,1.14,0.922,0.916,0.979,0.968,0.977,1.014,1.096,1.132,1.074,1.112,1.105,1.111,1.156,1.116,1.147,1.153,1.067,1.002,1.049,1.056,1.126,1.142,1.085,1.211,0.085,0.085,0.684,0.086,0.085,0.086,0.086,0.086
,15:49:46,25.1,1.224,0.954,1.112,1.167,1.209,1.2,1.156,1.256,0.777,0.805,0.806,0.801,0.785,0.788,1.185,1.142,0.935,0.927,0.99,0.975,0.993,1.026,1.097,1.133,1.075,1.111,1.105,1.109,1.153,1.116,1.147,1.155,1.079,1.003,1.057,1.062,1.131,1.145,1.086,1.213,0.085,0.085,0.721,0.086,0.085,0.086,0.086,0.086
,15:59:46,25.1,1.228,0.957,1.117,1.171,1.211,1.194,1.158,1.256,0.78,0.808,0.809,0.804,0.787,0.792,1.19,1.147,0.945,0.934,0.997,0.984,1.001,1.035,1.101,1.137,1.077,1.113,1.105,1.109,1.159,1.117,1.155,1.158,1.078,1.005,1.055,1.066,1.137,1.15,1.101,1.211,0.085,0.085,0.718,0.086,0.085,0.086,0.085,0.086
,16:09:46,25.1,1.23,0.961,1.123,1.176,1.21,1.185,1.159,1.257,0.784,0.811,0.812,0.807,0.789,0.795,1.189,1.145,0.95,0.94,1.003,0.99,1.009,1.045,1.105,1.135,1.081,1.118,1.106,1.114,1.158,1.118,1.157,1.158,1.087,1.009,1.06,1.07,1.139,1.154,1.095,1.21,0.085,0.085,0.724,0.086,0.085,0.086,0.086,0.086
,16:19:46,25.1,1.233,0.965,1.127,1.18,1.211,1.182,1.161,1.26,0.787,0.814,0.816,0.809,0.793,0.797,1.195,1.149,0.96,0.95,1.012,0.999,1.019,1.051,1.106,1.132,1.082,1.119,1.106,1.111,1.16,1.116,1.159,1.164,1.095,1.014,1.066,1.07,1.143,1.163,1.094,1.212,0.085,0.085,0.754,0.085,0.085,0.086,0.086,0.087
,16:29:46,25.1,1.238,0.968,1.131,1.184,1.21,1.179,1.161,1.263,0.789,0.818,0.819,0.812,0.797,0.8,1.201,1.15,0.968,0.958,1.021,1.007,1.027,1.063,1.11,1.136,1.081,1.12,1.107,1.11,1.157,1.117,1.159,1.16,1.101,1.014,1.069,1.072,1.145,1.165,1.098,1.214,0.085,0.085,0.771,0.086,0.085,0.086,0.086,0.087
,16:39:46,25,1.242,0.973,1.135,1.187,1.21,1.177,1.157,1.263,0.794,0.819,0.822,0.815,0.8,0.803,1.202,1.156,0.974,0.966,1.027,1.013,1.043,1.069,1.109,1.142,1.085,1.121,1.108,1.113,1.159,1.117,1.163,1.163,1.103,1.022,1.077,1.079,1.15,1.172,1.105,1.214,0.086,0.085,0.772,0.086,0.085,0.086,0.086,0.087
,16:49:46,25,1.245,0.977,1.141,1.19,1.212,1.175,1.162,1.264,0.799,0.823,0.825,0.818,0.801,0.807,1.207,1.157,0.985,0.973,1.036,1.02,1.055,1.082,1.115,1.145,1.085,1.123,1.106,1.11,1.16,1.117,1.165,1.158,1.107,1.028,1.077,1.083,1.156,1.175,1.105,1.215,0.086,0.085,0.796,0.085,0.085,0.086,0.086,0.087
,16:59:46,25,1.251,0.982,1.147,1.195,1.214,1.175,1.161,1.266,0.802,0.825,0.827,0.82,0.805,0.809,1.208,1.162,0.995,0.981,1.042,1.027,1.068,1.083,1.116,1.147,1.089,1.125,1.106,1.114,1.158,1.114,1.163,1.161,1.123,1.026,1.08,1.084,1.16,1.181,1.104,1.222,0.086,0.085,0.834,0.086,0.085,0.086,0.086,0.087
,17:09:46,25.1,1.256,0.985,1.151,1.197,1.216,1.171,1.163,1.27,0.806,0.828,0.831,0.823,0.808,0.812,1.207,1.171,1.004,0.99,1.05,1.034,1.077,1.096,1.117,1.146,1.088,1.124,1.106,1.112,1.157,1.118,1.165,1.162,1.125,1.03,1.084,1.089,1.165,1.187,1.107,1.22,0.086,0.085,0.862,0.086,0.085,0.086,0.086,0.087
,17:19:46,25.1,1.26,0.989,1.153,1.2,1.218,1.171,1.161,1.271,0.807,0.829,0.833,0.825,0.811,0.816,1.209,1.163,1.016,0.998,1.058,1.04,1.088,1.1,1.123,1.149,1.088,1.126,1.106,1.116,1.161,1.119,1.169,1.162,1.133,1.035,1.089,1.089,1.164,1.191,1.106,1.223,0.087,0.085,0.865,0.085,0.085,0.086,0.085,0.087
,17:29:46,25,1.264,0.992,1.156,1.204,1.218,1.17,1.158,1.275,0.811,0.832,0.836,0.829,0.814,0.818,1.211,1.164,1.026,1.007,1.063,1.049,1.096,1.111,1.123,1.153,1.09,1.128,1.105,1.113,1.162,1.117,1.172,1.162,1.132,1.039,1.091,1.09,1.171,1.196,1.113,1.221,0.087,0.085,0.88,0.086,0.085,0.086,0.085,0.087
,17:39:46,25.1,1.268,0.995,1.158,1.205,1.221,1.168,1.164,1.281,0.814,0.835,0.839,0.831,0.816,0.821,1.219,1.163,1.037,1.015,1.068,1.053,1.103,1.115,1.128,1.156,1.088,1.127,1.105,1.111,1.167,1.119,1.173,1.165,1.142,1.042,1.096,1.09,1.174,1.199,1.114,1.226,0.088,0.085,0.918,0.086,0.085,0.086,0.085,0.087
,17:49:46,25.1,1.271,1,1.163,1.21,1.224,1.168,1.164,1.285,0.818,0.838,0.841,0.834,0.82,0.825,1.221,1.167,1.042,1.022,1.072,1.06,1.111,1.123,1.13,1.164,1.091,1.13,1.103,1.11,1.163,1.121,1.173,1.163,1.144,1.048,1.1,1.096,1.178,1.205,1.118,1.229,0.088,0.085,0.919,0.085,0.085,0.086,0.085,0.087
,17:59:46,25.1,1.274,1.004,1.166,1.213,1.224,1.165,1.166,1.289,0.822,0.841,0.844,0.836,0.82,0.828,1.224,1.168,1.056,1.029,1.078,1.063,1.116,1.125,1.132,1.17,1.088,1.132,1.105,1.112,1.167,1.12,1.169,1.165,1.15,1.051,1.101,1.101,1.181,1.206,1.115,1.233,0.089,0.085,0.94,0.085,0.085,0.086,0.085,0.088
,18:09:46,25.1,1.276,1.008,1.17,1.215,1.226,1.161,1.163,1.292,0.825,0.844,0.846,0.839,0.825,0.831,1.227,1.169,1.065,1.036,1.085,1.074,1.126,1.126,1.133,1.169,1.091,1.131,1.104,1.111,1.169,1.12,1.171,1.167,1.154,1.049,1.105,1.103,1.186,1.212,1.113,1.236,0.089,0.085,0.963,0.085,0.085,0.086,0.085,0.088
,18:19:46,25.1,1.279,1.013,1.173,1.218,1.228,1.158,1.164,1.295,0.828,0.846,0.849,0.842,0.827,0.834,1.229,1.178,1.069,1.041,1.091,1.079,1.131,1.137,1.133,1.166,1.094,1.136,1.105,1.113,1.17,1.119,1.172,1.166,1.161,1.056,1.107,1.109,1.188,1.216,1.118,1.241,0.09,0.085,0.985,0.085,0.085,0.086,0.086,0.088
,18:29:46,25.1,1.281,1.017,1.176,1.22,1.227,1.151,1.161,1.294,0.832,0.849,0.852,0.845,0.829,0.836,1.23,1.182,1.077,1.046,1.092,1.084,1.137,1.137,1.135,1.162,1.092,1.137,1.105,1.111,1.168,1.12,1.174,1.165,1.163,1.054,1.111,1.11,1.194,1.219,1.115,1.238,0.091,0.085,0.986,0.085,0.085,0.086,0.086,0.088
,18:39:46,25.1,1.284,1.022,1.182,1.223,1.228,1.145,1.162,1.296,0.835,0.851,0.854,0.846,0.833,0.839,1.233,1.183,1.082,1.051,1.099,1.093,1.142,1.145,1.135,1.159,1.093,1.138,1.104,1.111,1.168,1.123,1.175,1.17,1.174,1.062,1.117,1.114,1.197,1.224,1.12,1.243,0.092,0.085,1.009,0.085,0.085,0.086,0.086,0.088
,18:49:46,25.1,1.285,1.028,1.186,1.225,1.227,1.138,1.161,1.298,0.837,0.854,0.857,0.85,0.835,0.842,1.234,1.177,1.09,1.054,1.102,1.094,1.147,1.148,1.136,1.157,1.095,1.14,1.104,1.11,1.171,1.121,1.176,1.175,1.177,1.067,1.117,1.116,1.2,1.225,1.116,1.247,0.094,0.085,1.051,0.085,0.085,0.086,0.086,0.089
,18:59:46,25.1,1.286,1.032,1.189,1.226,1.226,1.131,1.167,1.298,0.842,0.855,0.86,0.852,0.838,0.844,1.238,1.175,1.098,1.061,1.109,1.099,1.154,1.154,1.138,1.159,1.093,1.14,1.105,1.111,1.164,1.125,1.176,1.181,1.184,1.067,1.122,1.118,1.204,1.229,1.117,1.245,0.095,0.085,1.071,0.085,0.085,0.086,0.086,0.089
,19:09:46,25,1.285,1.038,1.193,1.228,1.225,1.122,1.164,1.3,0.842,0.859,0.862,0.854,0.84,0.847,1.238,1.181,1.103,1.067,1.112,1.101,1.158,1.156,1.14,1.164,1.093,1.143,1.103,1.115,1.174,1.123,1.174,1.188,1.187,1.074,1.125,1.119,1.206,1.232,1.114,1.248,0.097,0.085,1.07,0.085,0.085,0.086,0.086,0.089
,19:19:46,25.1,1.285,1.044,1.196,1.23,1.223,1.115,1.165,1.301,0.846,0.862,0.865,0.856,0.842,0.849,1.24,1.182,1.113,1.072,1.12,1.108,1.167,1.166,1.139,1.171,1.097,1.143,1.104,1.111,1.171,1.121,1.166,1.192,1.19,1.073,1.126,1.125,1.209,1.234,1.12,1.249,0.099,0.085,1.083,0.085,0.085,0.086,0.086,0.089
,19:29:46,25.1,1.285,1.049,1.2,1.23,1.219,1.105,1.165,1.3,0.849,0.864,0.867,0.859,0.845,0.851,1.241,1.183,1.119,1.078,1.125,1.11,1.171,1.172,1.142,1.18,1.098,1.148,1.103,1.11,1.167,1.126,1.173,1.197,1.194,1.079,1.131,1.126,1.213,1.235,1.12,1.249,0.101,0.085,1.094,0.085,0.085,0.086,0.086,0.089
,19:39:46,25.1,1.283,1.054,1.202,1.228,1.215,1.095,1.169,1.301,0.852,0.866,0.87,0.861,0.847,0.853,1.241,1.183,1.123,1.08,1.133,1.116,1.178,1.177,1.141,1.184,1.099,1.147,1.103,1.112,1.165,1.129,1.171,1.196,1.198,1.08,1.133,1.127,1.214,1.235,1.116,1.25,0.104,0.085,1.096,0.085,0.085,0.086,0.085,0.09
,19:49:46,25.1,1.281,1.06,1.204,1.228,1.21,1.087,1.17,1.295,0.854,0.868,0.871,0.863,0.85,0.855,1.242,1.186,1.128,1.087,1.14,1.12,1.185,1.183,1.14,1.186,1.097,1.149,1.101,1.11,1.167,1.125,1.171,1.196,1.207,1.082,1.132,1.128,1.219,1.235,1.118,1.251,0.107,0.085,1.11,0.085,0.085,0.086,0.085,0.09
,19:59:46,25.1,1.277,1.065,1.206,1.228,1.206,1.076,1.168,1.297,0.856,0.871,0.873,0.865,0.852,0.858,1.244,1.188,1.135,1.095,1.146,1.126,1.19,1.189,1.141,1.189,1.104,1.153,1.101,1.108,1.169,1.127,1.166,1.199,1.209,1.089,1.137,1.135,1.22,1.234,1.12,1.251,0.111,0.085,1.119,0.085,0.085,0.086,0.085,0.09
,20:09:46,25.1,1.275,1.07,1.208,1.227,1.2,1.065,1.167,1.294,0.86,0.873,0.876,0.866,0.854,0.859,1.245,1.187,1.141,1.099,1.153,1.134,1.197,1.194,1.145,1.189,1.103,1.152,1.101,1.105,1.169,1.131,1.168,1.198,1.21,1.092,1.139,1.137,1.221,1.235,1.124,1.252,0.115,0.085,1.115,0.085,0.085,0.086,0.085,0.091
,20:19:46,25,1.271,1.075,1.208,1.223,1.192,1.054,1.17,1.29,0.862,0.881,0.878,0.869,0.856,0.861,1.246,1.185,1.147,1.108,1.159,1.14,1.2,1.196,1.148,1.19,1.107,1.152,1.1,1.11,1.166,1.13,1.177,1.196,1.211,1.094,1.145,1.137,1.225,1.233,1.125,1.254,0.12,0.085,1.13,0.086,0.085,0.087,0.085,0.09
,20:29:46,25.1,1.268,1.079,1.21,1.219,1.186,1.045,1.171,1.293,0.864,0.877,0.88,0.87,0.858,0.863,1.245,1.185,1.149,1.115,1.16,1.149,1.208,1.202,1.151,1.189,1.108,1.157,1.101,1.109,1.168,1.131,1.184,1.199,1.217,1.093,1.147,1.137,1.227,1.233,1.132,1.258,0.125,0.085,1.152,0.085,0.085,0.086,0.085,0.091
,20:39:46,25,1.263,1.084,1.211,1.215,1.179,1.031,1.173,1.289,0.867,0.878,0.881,0.871,0.859,0.863,1.258,1.188,1.153,1.12,1.166,1.157,1.209,1.209,1.155,1.188,1.111,1.158,1.101,1.107,1.166,1.131,1.188,1.196,1.22,1.095,1.147,1.139,1.226,1.229,1.138,1.255,0.131,0.085,1.155,0.085,0.085,0.086,0.085,0.091
,20:49:46,25.1,1.257,1.087,1.209,1.212,1.169,1.022,1.172,1.287,0.869,0.879,0.882,0.873,0.862,0.864,1.257,1.192,1.155,1.125,1.167,1.161,1.212,1.215,1.159,1.186,1.111,1.157,1.1,1.105,1.165,1.131,1.194,1.198,1.224,1.1,1.15,1.138,1.228,1.227,1.143,1.259,0.138,0.084,1.16,0.085,0.085,0.086,0.085,0.092
,20:59:46,25.1,1.254,1.091,1.21,1.206,1.161,1.008,1.17,1.287,0.87,0.881,0.884,0.874,0.864,0.866,1.257,1.192,1.162,1.136,1.175,1.17,1.215,1.217,1.161,1.185,1.113,1.163,1.1,1.107,1.168,1.135,1.194,1.2,1.221,1.107,1.153,1.137,1.229,1.224,1.148,1.26,0.146,0.085,1.176,0.086,0.085,0.086,0.085,0.092
,21:09:46,25.1,1.248,1.095,1.21,1.204,1.157,0.998,1.17,1.284,0.871,0.883,0.886,0.875,0.865,0.867,1.254,1.193,1.168,1.138,1.175,1.174,1.224,1.222,1.161,1.184,1.113,1.164,1.099,1.104,1.166,1.135,1.195,1.203,1.225,1.104,1.155,1.138,1.227,1.216,1.148,1.256,0.157,0.085,1.177,0.085,0.085,0.086,0.085,0.092
,21:19:46,25.1,1.244,1.097,1.207,1.199,1.145,0.986,1.17,1.285,0.873,0.884,0.887,0.877,0.866,0.869,1.256,1.197,1.172,1.145,1.179,1.177,1.224,1.224,1.161,1.185,1.113,1.163,1.1,1.104,1.171,1.132,1.198,1.2,1.222,1.108,1.154,1.137,1.229,1.218,1.147,1.255,0.169,0.085,1.168,0.085,0.085,0.086,0.085,0.092
,21:29:46,25,1.239,1.1,1.206,1.191,1.135,0.973,1.171,1.286,0.876,0.885,0.889,0.879,0.866,0.869,1.257,1.192,1.181,1.155,1.183,1.184,1.226,1.228,1.162,1.19,1.116,1.164,1.099,1.105,1.163,1.136,1.198,1.199,1.222,1.11,1.155,1.132,1.228,1.209,1.151,1.257,0.184,0.085,1.186,0.085,0.085,0.086,0.085,0.093
,21:39:46,25,1.235,1.103,1.203,1.184,1.127,0.961,1.171,1.286,0.878,0.887,0.891,0.881,0.867,0.87,1.258,1.193,1.186,1.16,1.185,1.188,1.229,1.23,1.161,1.192,1.115,1.165,1.098,1.105,1.157,1.136,1.196,1.199,1.225,1.109,1.16,1.13,1.226,1.205,1.147,1.251,0.198,0.085,1.191,0.085,0.085,0.086,0.085,0.093
,21:49:46,25.1,1.232,1.107,1.203,1.179,1.117,0.949,1.17,1.291,0.879,0.887,0.891,0.883,0.871,0.872,1.257,1.192,1.178,1.161,1.188,1.193,1.234,1.236,1.162,1.193,1.117,1.161,1.097,1.106,1.149,1.134,1.193,1.2,1.228,1.112,1.165,1.126,1.223,1.2,1.149,1.251,0.214,0.085,1.219,0.085,0.085,0.086,0.085,0.094
,21:59:46,25.1,1.228,1.107,1.201,1.171,1.107,0.94,1.171,1.288,0.88,0.888,0.893,0.884,0.872,0.873,1.26,1.192,1.181,1.17,1.199,1.2,1.233,1.237,1.162,1.195,1.115,1.162,1.097,1.108,1.151,1.131,1.199,1.198,1.225,1.107,1.163,1.121,1.223,1.197,1.151,1.252,0.229,0.085,1.21,0.085,0.085,0.086,0.085,0.095
,22:09:46,25,1.225,1.109,1.196,1.163,1.097,0.929,1.17,1.288,0.881,0.889,0.894,0.886,0.874,0.875,1.258,1.19,1.182,1.173,1.204,1.207,1.243,1.245,1.161,1.196,1.115,1.161,1.097,1.105,1.15,1.133,1.201,1.201,1.224,1.114,1.168,1.121,1.222,1.19,1.15,1.252,0.25,0.085,1.216,0.085,0.085,0.086,0.085,0.095
,22:19:46,25,1.222,1.111,1.195,1.16,1.092,0.922,1.169,1.289,0.883,0.889,0.897,0.887,0.873,0.877,1.261,1.192,1.19,1.181,1.207,1.208,1.241,1.247,1.161,1.197,1.115,1.157,1.095,1.106,1.14,1.129,1.205,1.199,1.224,1.116,1.163,1.114,1.218,1.181,1.15,1.25,0.274,0.084,1.219,0.085,0.085,0.086,0.085,0.095
,22:29:46,25,1.217,1.113,1.192,1.15,1.08,0.913,1.173,1.289,0.887,0.896,0.897,0.889,0.875,0.878,1.261,1.191,1.193,1.185,1.21,1.213,1.247,1.249,1.16,1.199,1.115,1.157,1.095,1.098,1.134,1.127,1.207,1.199,1.22,1.117,1.165,1.109,1.215,1.179,1.15,1.25,0.3,0.085,1.229,0.085,0.085,0.086,0.085,0.096
,22:39:46,25,1.213,1.114,1.189,1.142,1.07,0.902,1.171,1.291,0.89,0.892,0.9,0.891,0.876,0.88,1.262,1.192,1.203,1.189,1.215,1.214,1.254,1.255,1.16,1.2,1.116,1.153,1.093,1.097,1.134,1.128,1.211,1.2,1.217,1.112,1.166,1.102,1.208,1.17,1.148,1.248,*0.322*,0.085,1.222,0.085,0.085,0.087,0.085,0.096
,22:49:46,25,1.209,1.115,1.186,1.137,1.061,0.894,1.172,1.289,0.893,0.893,0.902,0.894,0.878,0.882,1.262,1.194,1.2,1.194,1.215,1.22,1.252,1.259,1.16,1.202,1.115,1.152,1.093,1.102,1.123,1.124,1.213,1.201,1.215,1.117,1.166,1.092,1.204,1.163,1.15,1.25,0.348,0.085,1.233,0.085,0.085,0.086,0.085,0.097
,22:59:46,25.1,1.204,1.115,1.179,1.127,1.05,0.891,1.176,1.291,0.895,0.894,0.904,0.896,0.878,0.883,1.263,1.195,1.215,1.197,1.216,1.224,1.256,1.261,1.16,1.203,1.113,1.15,1.093,1.095,1.124,1.117,1.216,1.202,1.207,1.111,1.165,1.086,1.197,1.155,1.147,1.251,0.368,0.085,1.241,0.085,0.085,0.086,0.085,0.098
,23:09:46,25.1,1.2,1.118,1.177,1.121,1.04,0.884,1.178,1.291,0.899,0.895,0.905,0.898,0.881,0.886,1.265,1.193,1.21,1.199,1.22,1.232,1.255,1.264,1.158,1.213,1.117,1.146,1.088,1.096,1.116,1.118,1.219,1.204,1.207,1.115,1.165,1.081,1.191,1.146,1.147,1.254,0.386,0.085,1.251,0.085,0.084,0.086,0.085,0.099
,23:19:46,25.1,1.194,1.118,1.171,1.114,1.034,0.882,1.182,1.294,0.902,0.897,0.904,0.9,0.881,0.888,1.269,1.195,1.217,1.206,1.226,1.232,1.264,1.272,1.159,1.212,1.111,1.141,1.087,1.099,1.112,1.113,1.224,1.206,1.199,1.112,1.168,1.078,1.187,1.135,1.152,1.257,0.417,0.084,1.245,0.085,0.085,0.086,0.085,0.099
,23:29:46,25,1.19,1.119,1.167,1.107,1.024,0.879,1.185,1.296,0.906,0.899,0.904,0.902,0.883,0.891,1.273,1.194,1.221,1.21,1.227,1.238,1.269,1.275,1.158,1.213,1.108,1.137,1.083,1.089,1.103,1.107,1.228,1.208,1.195,1.114,1.162,1.061,1.18,1.125,1.15,1.259,0.437,0.085,1.259,0.085,0.085,0.086,0.085,0.1
,23:39:46,25.1,1.185,1.119,1.161,1.097,1.013,0.876,1.189,1.295,0.909,0.9,0.9,0.902,0.884,0.892,1.274,1.194,1.226,1.214,1.229,1.244,1.272,1.283,1.16,1.212,1.108,1.134,1.083,1.085,1.093,1.1,1.233,1.215,1.185,1.113,1.165,1.058,1.172,1.114,1.15,1.261,0.462,0.084,1.266,0.085,0.085,0.086,0.085,0.101
,23:49:46,25,1.18,1.119,1.158,1.088,1.004,0.872,1.193,1.299,0.913,0.901,0.899,0.902,0.885,0.895,1.278,1.196,1.231,1.218,1.234,1.245,1.274,1.29,1.159,1.211,1.105,1.128,1.081,1.084,1.091,1.096,1.237,1.218,1.177,1.109,1.164,1.046,1.163,1.098,1.151,1.262,0.489,0.084,1.267,0.085,0.085,0.086,0.085,0.102
,23:59:46,25.1,1.176,1.12,1.152,1.078,0.994,0.869,1.193,1.301,0.913,0.9,0.895,0.901,0.889,0.896,1.281,1.198,1.233,1.222,1.241,1.248,1.28,1.299,1.16,1.213,1.102,1.122,1.078,1.076,1.087,1.091,1.244,1.217,1.171,1.109,1.163,1.039,1.153,1.082,1.152,1.261,0.511,0.084,1.271,0.085,0.085,0.086,0.085,0.103
,24:09:46,25.1,1.171,1.121,1.147,1.07,0.981,0.866,1.196,1.3,0.912,0.9,0.887,0.899,0.89,0.899,1.282,1.195,1.239,1.225,1.238,1.254,1.286,1.3,1.161,1.213,1.099,1.116,1.073,1.077,1.079,1.085,1.25,1.22,1.161,1.107,1.161,1.029,1.145,1.065,1.159,1.268,0.533,0.085,1.272,0.085,0.085,0.086,0.085,0.104
,24:19:46,25.1,1.166,1.121,1.143,1.063,0.972,0.867,1.198,1.303,0.912,0.899,0.885,0.893,0.89,0.9,1.284,1.197,1.242,1.227,1.248,1.254,1.286,1.305,1.162,1.221,1.096,1.109,1.071,1.07,1.073,1.08,1.257,1.224,1.152,1.108,1.165,1.02,1.135,1.047,1.151,1.263,0.556,0.085,1.279,0.085,0.085,0.086,0.085,0.105
,24:29:46,25.1,1.162,1.12,1.135,1.053,0.963,0.866,1.202,1.303,0.913,0.896,0.88,0.888,0.889,0.899,1.288,1.196,1.253,1.233,1.248,1.258,1.29,1.306,1.163,1.215,1.092,1.102,1.068,1.066,1.072,1.074,1.263,1.225,1.143,1.1,1.16,1.008,1.124,1.03,1.154,1.271,0.576,0.084,1.289,0.085,0.085,0.086,0.085,0.107
,24:39:46,25.1,1.158,1.121,1.133,1.047,0.957,0.868,1.206,1.308,0.91,0.893,0.875,0.884,0.887,0.899,1.289,1.196,1.256,1.236,1.253,1.261,1.296,1.313,1.164,1.217,1.085,1.093,1.062,1.061,1.066,1.069,1.268,1.228,1.132,1.096,1.159,1,1.114,1.019,1.153,1.274,0.605,0.085,1.296,0.085,0.085,0.086,0.085,0.108
,24:49:46,25.1,1.153,1.12,1.125,1.041,0.948,0.869,1.207,1.308,0.907,0.89,0.868,0.879,0.884,0.897,1.289,1.203,1.263,1.241,1.254,1.265,1.298,1.317,1.167,1.22,1.08,1.085,1.061,1.056,1.052,1.061,1.274,1.233,1.121,1.092,1.157,0.988,1.101,1.013,1.154,1.28,0.634,0.085,1.303,0.085,0.085,0.086,0.085,0.109
,24:59:46,25.1,1.149,1.12,1.118,1.032,0.941,0.869,1.224,1.312,0.904,0.885,0.863,0.872,0.882,0.894,1.293,1.2,1.266,1.247,1.261,1.268,1.303,1.32,1.169,1.222,1.075,1.075,1.056,1.052,1.05,1.056,1.278,1.237,1.113,1.089,1.158,0.981,1.091,1.005,1.151,1.283,0.648,0.084,1.308,0.085,0.085,0.086,0.085,0.111
,25:09:46,25,1.146,1.12,1.113,1.023,0.93,0.872,1.224,1.317,0.899,0.882,0.859,0.865,0.877,0.889,1.294,1.204,1.267,1.248,1.26,1.275,1.303,1.326,1.175,1.223,1.071,1.066,1.052,1.046,1.043,1.047,1.285,1.239,1.101,1.088,1.152,0.967,1.077,1.003,1.151,1.286,0.676,0.085,1.313,0.085,0.085,0.086,0.085,0.113
,25:19:46,25,1.142,1.119,1.107,1.014,0.92,0.872,1.225,1.325,0.894,0.875,0.853,0.861,0.874,0.885,1.294,1.206,1.275,1.255,1.268,1.278,1.308,1.33,1.179,1.227,1.061,1.06,1.045,1.039,1.037,1.042,1.289,1.244,1.091,1.086,1.154,0.958,1.067,0.996,1.153,1.284,0.695,0.085,1.316,0.085,0.085,0.086,0.085,0.114
,25:29:46,25.1,1.139,1.119,1.103,1.006,0.912,0.873,1.227,1.317,0.889,0.869,0.85,0.854,0.867,0.879,1.296,1.209,1.28,1.259,1.276,1.282,1.315,1.333,1.186,1.249,1.057,1.053,1.039,1.031,1.029,1.035,1.294,1.249,1.079,1.078,1.148,0.946,1.054,0.988,1.155,1.293,0.718,0.085,1.311,0.085,0.085,0.086,0.085,0.117
,25:39:46,25,1.135,1.118,1.096,0.997,0.905,0.875,1.228,1.319,0.884,0.863,0.848,0.849,0.862,0.871,1.3,1.213,1.286,1.262,1.276,1.286,1.316,1.335,1.192,1.248,1.052,1.043,1.033,1.029,1.022,1.029,1.293,1.25,1.069,1.075,1.147,0.934,1.04,0.983,1.159,1.292,0.736,0.085,1.323,0.085,0.085,0.086,0.085,0.119
,25:49:46,25.1,1.132,1.117,1.09,0.991,0.9,0.876,1.234,1.323,0.875,0.856,0.844,0.843,0.856,0.863,1.303,1.218,1.285,1.267,1.28,1.289,1.323,1.343,1.2,1.248,1.041,1.033,1.028,1.019,1.013,1.021,1.294,1.254,1.053,1.068,1.146,0.921,1.029,0.976,1.163,1.297,0.753,0.084,1.328,0.085,0.085,0.087,0.085,0.121
,25:59:46,25.1,1.128,1.116,1.081,0.981,0.89,0.878,1.235,1.324,0.872,0.85,0.841,0.84,0.851,0.857,1.301,1.22,1.29,1.268,1.283,1.294,1.324,1.346,1.208,1.249,1.039,1.027,1.021,1.017,1.006,1.014,1.297,1.254,1.045,1.067,1.14,0.913,1.014,0.966,1.166,1.296,0.772,0.085,1.324,0.085,0.085,0.086,0.085,0.123
,26:09:46,25.1,1.124,1.115,1.077,0.975,0.888,0.879,1.238,1.325,0.867,0.843,0.838,0.839,0.847,0.849,1.302,1.225,1.295,1.273,1.29,1.298,1.327,1.352,1.215,1.252,1.028,1.013,1.015,1.006,0.998,1.005,1.297,1.26,1.029,1.062,1.137,0.902,1.002,0.954,1.169,1.298,0.789,0.085,1.336,0.085,0.085,0.087,0.085,0.126
,26:19:46,25.1,1.123,1.114,1.071,0.969,0.883,0.879,1.241,1.325,0.862,0.837,0.835,0.834,0.843,0.844,1.303,1.229,1.3,1.279,1.296,1.302,1.334,1.353,1.224,1.254,1.018,1.004,1.009,0.999,0.989,0.999,1.299,1.265,1.018,1.06,1.134,0.892,0.991,0.942,1.175,1.298,0.8,0.085,1.337,0.085,0.085,0.086,0.085,0.129
,26:29:46,25.1,1.119,1.112,1.067,0.962,0.877,0.882,1.245,1.329,0.86,0.832,0.83,0.831,0.839,0.838,1.304,1.23,1.308,1.284,1.299,1.304,1.341,1.361,1.229,1.264,1.011,0.995,1.002,0.993,0.983,0.989,1.296,1.268,1.005,1.05,1.129,0.884,0.976,0.933,1.179,1.302,0.816,0.084,1.338,0.085,0.085,0.086,0.085,0.132
,26:39:46,25.1,1.117,1.111,1.06,0.956,0.869,0.884,1.248,1.33,0.857,0.827,0.832,0.828,0.836,0.835,1.304,1.233,1.31,1.288,1.304,1.31,1.344,1.361,1.233,1.26,1.004,0.982,0.995,0.988,0.972,0.985,1.298,1.27,0.996,1.042,1.125,0.879,0.964,0.92,1.183,1.304,0.827,0.085,1.342,0.085,0.085,0.086,0.085,0.136
,26:49:46,25.1,1.115,1.109,1.054,0.953,0.869,0.886,1.252,1.331,0.85,0.823,0.828,0.827,0.833,0.83,1.305,1.239,1.317,1.293,1.304,1.317,1.35,1.364,1.236,1.262,0.995,0.973,0.987,0.979,0.964,0.98,1.313,1.271,0.982,1.035,1.122,0.873,0.95,0.914,1.189,1.304,0.832,0.085,1.344,0.085,0.085,0.086,0.085,0.139
,26:59:46,25.1,1.112,1.107,1.05,0.947,0.865,0.888,1.257,1.332,0.85,0.819,0.824,0.825,0.83,0.827,1.306,1.238,1.319,1.295,1.308,1.321,1.349,1.37,1.239,1.269,0.987,0.962,0.981,0.968,0.95,0.971,1.298,1.274,0.97,1.027,1.113,0.87,0.936,0.905,1.195,1.312,0.846,0.085,1.339,0.085,0.085,0.086,0.085,0.144
,27:09:46,25.1,1.111,1.105,1.045,0.941,0.865,0.889,1.259,1.332,0.847,0.814,0.823,0.824,0.828,0.825,1.307,1.24,1.322,1.301,1.314,1.321,1.357,1.374,1.241,1.271,0.977,0.951,0.971,0.96,0.942,0.962,1.311,1.278,0.955,1.023,1.112,0.866,0.924,0.892,1.2,1.309,0.861,0.085,1.338,0.085,0.085,0.087,0.085,0.148
,27:19:46,25,1.108,1.103,1.038,0.937,0.862,0.89,1.263,1.333,0.846,0.812,0.82,0.824,0.826,0.823,1.306,1.244,1.328,1.305,1.323,1.327,1.359,1.378,1.244,1.273,0.966,0.942,0.963,0.955,0.926,0.956,1.297,1.28,0.942,1.015,1.104,0.86,0.912,0.883,1.204,1.31,0.872,0.085,1.339,0.085,0.085,0.087,0.085,0.153
,27:29:46,25.1,1.107,1.102,1.033,0.935,0.86,0.893,1.267,1.335,0.843,0.808,0.818,0.821,0.823,0.823,1.304,1.247,1.329,1.309,1.323,1.33,1.364,1.381,1.244,1.275,0.959,0.93,0.956,0.943,0.914,0.948,1.296,1.28,0.928,1.01,1.101,0.859,0.898,0.874,1.211,1.309,0.881,0.085,1.337,0.085,0.085,0.086,0.085,0.158
,27:39:46,25.1,1.105,1.099,1.029,0.931,0.856,0.895,1.27,1.336,0.842,0.804,0.813,0.82,0.821,0.821,1.305,1.248,1.331,1.313,1.325,1.337,1.366,1.388,1.247,1.28,0.95,0.917,0.95,0.938,0.907,0.941,1.293,1.281,0.915,0.999,1.097,0.85,0.889,0.862,1.218,1.307,0.889,0.085,1.338,0.085,0.085,0.086,0.085,0.164
,27:49:46,25.1,1.103,1.097,1.025,0.927,0.855,0.897,1.271,1.337,0.833,0.799,0.805,0.821,0.819,0.819,1.302,1.25,1.337,1.321,1.335,1.341,1.372,1.392,1.248,1.278,0.94,0.908,0.941,0.929,0.905,0.933,1.294,1.281,0.908,0.992,1.093,0.843,0.878,0.855,1.22,1.312,0.9,0.085,1.334,0.085,0.085,0.086,0.085,0.17
,27:59:46,25.1,1.102,1.095,1.019,0.925,0.852,0.896,1.27,1.337,0.83,0.796,0.802,0.818,0.817,0.82,1.304,1.253,1.341,1.323,1.335,1.345,1.377,1.397,1.249,1.28,0.93,0.892,0.932,0.92,0.899,0.924,1.294,1.28,0.894,0.99,1.088,0.834,0.865,0.847,1.231,1.315,0.91,0.085,1.33,0.085,0.085,0.086,0.085,0.176
,28:09:46,25.1,1.1,1.093,1.014,0.921,0.85,0.898,1.275,1.339,0.825,0.791,0.799,0.815,0.815,0.817,1.302,1.254,1.345,1.329,1.341,1.348,1.383,1.401,1.248,1.285,0.922,0.88,0.926,0.913,0.897,0.916,1.293,1.282,0.882,0.976,1.083,0.828,0.85,0.837,1.234,1.313,0.922,0.085,1.321,0.085,0.085,0.086,0.085,0.183
,28:19:46,25.1,1.099,1.09,1.012,0.919,0.852,0.898,1.277,1.34,0.82,0.787,0.792,0.814,0.814,0.818,1.301,1.255,1.349,1.331,1.346,1.357,1.387,1.406,1.251,1.287,0.911,0.867,0.916,0.909,0.893,0.905,1.292,1.282,0.868,0.967,1.077,0.819,0.84,0.827,1.236,1.311,0.932,0.085,1.313,0.085,0.085,0.087,0.085,0.192
,28:29:46,25.1,1.097,1.088,1.009,0.917,0.849,0.9,1.282,1.339,0.814,0.784,0.787,0.81,0.812,0.815,1.3,1.258,1.353,1.338,1.351,1.359,1.387,1.41,1.254,1.289,0.903,0.856,0.908,0.898,0.891,0.898,1.293,1.279,0.855,0.96,1.069,0.814,0.827,0.821,1.244,1.313,0.945,0.085,1.308,0.085,0.085,0.086,0.085,0.201
,28:39:46,25.1,1.096,1.086,1.005,0.916,0.85,0.902,1.285,1.341,0.809,0.78,0.783,0.81,0.809,0.813,1.3,1.258,1.355,1.343,1.353,1.367,1.394,1.413,1.256,1.292,0.899,0.843,0.901,0.892,0.888,0.888,1.292,1.28,0.843,0.952,1.064,0.805,0.815,0.813,1.25,1.313,0.955,0.084,1.297,0.085,0.085,0.086,0.085,0.211
,28:49:46,25.1,1.095,1.084,1.004,0.915,0.85,0.904,1.284,1.343,0.8,0.773,0.781,0.807,0.805,0.81,1.298,1.266,1.358,1.347,1.358,1.373,1.4,1.416,1.256,1.287,0.885,0.833,0.892,0.881,0.884,0.878,1.295,1.279,0.837,0.946,1.06,0.8,0.802,0.805,1.254,1.32,0.967,0.085,1.294,0.085,0.085,0.087,0.085,0.222
,28:59:46,25.1,1.094,1.082,0.999,0.912,0.848,0.904,1.289,1.343,0.796,0.771,0.777,0.803,0.804,0.808,1.297,1.264,1.363,1.349,1.363,1.374,1.402,1.419,1.258,1.291,0.878,0.818,0.883,0.874,0.882,0.875,1.296,1.279,0.818,0.938,1.05,0.792,0.785,0.797,1.261,1.318,0.979,0.085,1.282,0.085,0.085,0.087,0.085,0.233
,29:09:46,25,1.093,1.08,0.996,0.913,0.852,0.905,1.288,1.342,0.794,0.767,0.772,0.798,0.8,0.803,1.295,1.265,1.369,1.358,1.366,1.383,1.403,1.425,1.258,1.287,0.869,0.797,0.875,0.867,0.878,0.864,1.293,1.277,0.805,0.93,1.046,0.786,0.769,0.788,1.264,1.314,0.989,0.085,1.28,0.085,0.085,0.087,0.085,0.246
,29:19:46,25.1,1.092,1.077,0.992,0.913,0.853,0.905,1.285,1.344,0.786,0.764,0.769,0.797,0.797,0.803,1.295,1.277,1.379,1.363,1.375,1.388,1.41,1.429,1.258,1.292,0.858,0.781,0.867,0.859,0.875,0.853,1.293,1.28,0.796,0.925,1.039,0.779,0.755,0.78,1.268,1.312,0.998,0.084,1.278,0.085,0.085,0.086,0.085,0.259
,29:29:46,25.1,1.091,1.075,0.993,0.909,0.853,0.907,1.289,1.341,0.78,0.759,0.763,0.79,0.795,0.796,1.293,1.274,1.375,1.368,1.377,1.395,1.412,1.434,1.257,1.29,0.849,0.779,0.861,0.851,0.87,0.844,1.29,1.279,0.776,0.912,1.03,0.773,0.746,0.773,1.272,1.313,1.005,0.084,1.279,0.085,0.085,0.086,0.085,0.272
,29:39:46,25.1,1.09,1.074,0.987,0.912,0.854,0.91,1.286,1.342,0.77,0.754,0.765,0.802,0.793,0.798,1.294,1.276,1.374,1.372,1.388,1.395,1.415,1.436,1.261,1.288,0.838,0.783,0.853,0.845,0.865,0.836,1.288,1.278,0.765,0.904,1.026,0.77,0.739,0.764,1.274,1.314,1.017,0.085,1.27,0.085,0.085,0.086,0.085,0.286
,29:49:46,25.1,1.089,1.071,0.988,0.907,0.852,0.91,1.288,1.341,0.765,0.75,0.757,0.785,0.79,0.793,1.293,1.277,1.387,1.381,1.389,1.403,1.421,1.443,1.269,1.288,0.829,0.789,0.842,0.839,0.863,0.822,1.284,1.278,0.753,0.897,1.02,0.759,0.735,0.76,1.274,1.306,1.021,0.085,1.271,0.085,0.085,0.086,0.085,0.3
,29:59:46,25.1,1.088,1.068,0.984,0.906,0.85,0.911,1.287,1.343,0.844,0.743,0.748,0.787,0.788,0.795,1.29,1.278,1.389,1.383,1.39,1.407,1.424,1.446,1.266,1.287,0.817,0.793,0.832,0.831,0.857,0.806,1.281,1.276,0.747,0.889,1.013,0.754,0.733,0.752,1.276,1.306,1.026,0.085,1.266,0.085,0.085,0.086,0.085,0.316
,30:09:46,25.1,1.088,1.066,0.982,0.908,0.851,0.911,1.287,1.34,0.758,0.74,0.749,0.787,0.784,0.788,1.288,1.281,1.393,1.386,1.395,1.41,1.428,1.451,1.26,1.287,0.805,0.793,0.825,0.822,0.853,0.793,1.281,1.276,0.742,0.882,1.006,0.748,0.734,0.746,1.281,1.306,1.028,0.084,1.263,0.085,0.085,0.086,0.085,0.333
,30:19:46,25.1,1.087,1.065,0.981,0.906,0.851,0.912,1.285,1.339,0.75,0.736,0.741,0.777,0.784,0.785,1.288,1.279,1.401,1.394,1.401,1.416,1.437,1.45,1.262,1.288,0.789,0.787,0.817,0.815,0.846,0.785,1.277,1.275,0.736,0.874,1.001,0.743,0.734,0.739,1.277,1.312,1.032,0.085,1.253,0.085,0.085,0.086,0.085,0.355
,30:29:46,25,1.086,1.062,0.979,0.907,0.852,0.915,1.287,1.337,0.741,0.735,0.735,0.771,0.778,0.787,1.288,1.282,1.401,1.397,1.396,1.419,1.438,1.455,1.261,1.286,0.772,0.783,0.811,0.807,0.842,0.782,1.274,1.273,0.732,0.87,0.993,0.737,0.733,0.733,1.278,1.309,1.032,0.084,1.248,0.085,0.085,0.086,0.085,0.411
,30:39:46,25.1,1.086,1.06,0.977,0.906,0.852,0.913,1.286,1.336,0.8,0.726,0.736,0.768,0.777,0.773,1.287,1.283,1.405,1.403,1.409,1.43,1.44,1.464,1.26,1.285,0.757,0.775,0.803,0.798,0.839,0.779,1.275,1.272,0.727,0.86,0.985,0.731,0.727,0.725,1.282,1.311,1.037,0.085,1.239,0.085,0.085,0.086,0.085,0.492
,30:49:46,25.1,1.084,1.058,0.977,0.906,0.852,0.915,1.295,1.335,0.753,0.723,0.728,0.776,0.769,0.784,1.284,1.281,1.406,1.402,1.407,1.425,1.448,1.46,1.256,1.284,0.741,0.773,0.798,0.793,0.829,0.777,1.276,1.273,0.719,0.853,0.975,0.728,0.721,0.719,1.28,1.307,1.033,0.085,1.227,0.085,0.085,0.086,0.085,0.558
,30:59:46,25.1,1.085,1.056,0.974,0.905,0.852,0.916,1.293,1.337,0.727,0.722,0.728,0.756,0.777,0.771,1.284,1.283,1.415,1.409,1.415,1.439,1.449,1.466,1.251,1.284,0.725,0.759,0.786,0.782,0.829,0.775,1.269,1.269,0.714,0.845,0.966,0.721,0.715,0.714,1.28,1.304,1.039,0.084,1.225,0.085,0.085,0.086,0.085,0.599
,31:09:46,25.1,1.084,1.055,0.975,0.905,0.855,0.916,1.288,1.334,0.785,0.718,0.732,0.756,0.777,0.773,1.282,1.283,1.419,1.418,1.419,1.442,1.449,1.472,1.254,1.282,0.713,0.755,0.778,0.776,0.823,0.775,1.268,1.268,0.706,0.837,0.962,0.715,0.709,0.708,1.277,1.301,1.035,0.085,1.214,0.085,0.085,0.086,0.085,0.632
,31:19:46,25.1,1.082,1.052,0.972,0.906,0.855,0.916,1.291,1.333,0.715,0.713,0.723,0.748,0.76,0.755,1.28,1.282,1.422,1.415,1.429,1.446,1.448,1.477,1.251,1.281,0.718,0.75,0.77,0.769,0.819,0.771,1.265,1.264,0.698,0.828,0.953,0.709,0.702,0.699,1.28,1.3,1.033,0.085,1.199,0.085,0.085,0.086,0.085,0.657
,31:29:46,25.1,1.082,1.052,0.971,0.906,0.856,0.917,1.286,1.331,0.726,0.707,0.718,0.747,0.761,0.748,1.279,1.282,1.427,1.424,1.429,1.446,1.45,1.481,1.248,1.28,0.721,0.742,0.759,0.759,0.814,0.771,1.267,1.263,0.689,0.82,0.95,0.705,0.696,0.695,1.276,1.297,1.041,0.085,1.2,0.085,0.085,0.086,0.085,0.678
,31:39:46,25.1,1.081,1.049,0.969,0.905,0.855,0.917,1.29,1.33,0.701,0.704,0.708,0.735,0.758,0.746,1.276,1.282,1.43,1.428,1.434,1.446,1.455,1.484,1.247,1.279,0.723,0.738,0.751,0.751,0.808,0.767,1.263,1.261,0.684,0.812,0.939,0.699,0.688,0.688,1.276,1.296,1.049,0.085,1.197,0.085,0.085,0.086,0.085,0.693
,31:49:46,25.1,1.079,1.048,0.968,0.906,0.856,0.918,1.288,1.33,0.779,0.701,0.707,0.738,0.757,0.747,1.274,1.282,1.432,1.435,1.437,1.452,1.462,1.482,1.245,1.28,0.724,0.732,0.743,0.743,0.801,0.763,1.262,1.261,0.678,0.807,0.933,0.693,0.684,0.681,1.273,1.294,1.048,0.084,1.188,0.085,0.085,0.086,0.085,0.713
,31:59:46,25.1,1.078,1.046,0.968,0.906,0.857,0.918,1.284,1.329,0.691,0.693,0.707,0.738,0.777,0.735,1.272,1.28,1.44,1.436,1.443,1.458,1.462,1.488,1.244,1.278,0.722,0.726,0.735,0.735,0.794,0.758,1.259,1.258,0.671,0.799,0.924,0.689,0.68,0.676,1.273,1.289,1.053,0.085,1.186,0.085,0.085,0.086,0.085,0.733
,32:09:46,25.1,1.077,1.045,0.966,0.905,0.856,0.917,1.285,1.329,0.719,0.694,0.697,0.728,0.765,0.727,1.269,1.283,1.443,1.439,1.449,1.462,1.466,1.494,1.241,1.278,0.722,0.721,0.724,0.725,0.791,0.756,1.258,1.256,0.663,0.793,0.917,0.684,0.673,0.67,1.272,1.288,1.055,0.084,1.18,0.085,0.085,0.086,0.085,0.752
,32:19:46,25.1,1.077,1.044,0.966,0.906,0.859,0.919,1.286,1.328,0.68,0.692,0.689,0.717,0.752,0.728,1.267,1.281,1.446,1.442,1.454,1.463,1.471,1.496,1.239,1.278,0.718,0.716,0.715,0.713,0.787,0.751,1.254,1.253,0.661,0.785,0.908,0.679,0.667,0.665,1.27,1.288,1.052,0.085,1.173,0.085,0.085,0.086,0.085,0.769
,32:29:46,25.1,1.075,1.042,0.963,0.906,0.858,0.92,1.281,1.328,0.68,0.679,0.683,0.704,0.767,0.711,1.267,1.28,1.447,1.451,1.454,1.468,1.472,1.498,1.24,1.276,0.717,0.709,0.704,0.699,0.779,0.746,1.252,1.252,0.658,0.78,0.9,0.673,0.662,0.657,1.271,1.284,1.057,0.085,1.174,0.085,0.085,0.086,0.085,0.789
,32:39:46,25.1,1.075,1.04,0.961,0.906,0.86,0.921,1.283,1.327,0.695,0.673,0.679,0.7,0.767,0.702,1.263,1.28,1.452,1.454,1.46,1.474,1.473,1.506,1.237,1.276,0.71,0.707,0.693,0.69,0.774,0.743,1.247,1.249,0.653,0.77,0.892,0.669,0.658,0.652,1.269,1.283,1.059,0.085,1.169,0.085,0.085,0.086,0.085,0.805
,32:49:46,25.1,1.074,1.037,0.959,0.906,0.86,0.921,1.279,1.325,0.66,0.667,0.676,0.7,0.739,0.704,1.261,1.28,1.456,1.457,1.467,1.476,1.478,1.504,1.236,1.276,0.708,0.7,0.681,0.684,0.768,0.739,1.249,1.248,0.648,0.764,0.885,0.664,0.653,0.646,1.264,1.282,1.063,0.085,1.166,0.085,0.085,0.086,0.085,0.823
,32:59:46,25.1,1.073,1.036,0.957,0.905,0.86,0.92,1.276,1.326,0.651,0.659,0.669,0.709,0.708,0.703,1.26,1.279,1.46,1.461,1.469,1.478,1.481,1.506,1.236,1.281,0.704,0.696,0.67,0.677,0.764,0.736,1.246,1.246,0.644,0.756,0.879,0.661,0.648,0.641,1.264,1.278,1.064,0.085,1.163,0.085,0.085,0.086,0.085,0.84
,33:09:46,25.1,1.073,1.034,0.96,0.904,0.86,0.921,1.277,1.326,0.673,0.658,0.664,0.692,0.714,0.689,1.259,1.279,1.463,1.467,1.475,1.48,1.484,1.509,1.234,1.277,0.697,0.688,0.66,0.673,0.756,0.73,1.245,1.243,0.64,0.749,0.87,0.656,0.643,0.637,1.263,1.275,1.072,0.085,1.161,0.085,0.085,0.086,0.085,0.855
,33:19:46,25.1,1.071,1.032,0.958,0.905,0.862,0.922,1.274,1.325,0.638,0.651,0.656,0.71,0.707,0.677,1.255,1.278,1.465,1.469,1.481,1.489,1.485,1.513,1.234,1.276,0.694,0.685,0.653,0.671,0.752,0.725,1.242,1.24,0.638,0.742,0.861,0.653,0.64,0.63,1.26,1.274,1.073,0.085,1.158,0.085,0.085,0.086,0.085,0.87
,33:29:46,25.1,1.071,1.03,0.958,0.906,0.863,0.923,1.274,1.325,0.628,0.647,0.641,0.667,0.703,0.682,1.254,1.278,1.473,1.474,1.484,1.494,1.49,1.517,1.231,1.274,0.69,0.679,0.648,0.665,0.747,0.72,1.238,1.24,0.635,0.736,0.853,0.647,0.635,0.626,1.259,1.273,1.077,0.085,1.152,0.085,0.085,0.086,0.085,0.883
,33:39:46,25.1,1.07,1.028,0.958,0.907,0.864,0.923,1.273,1.325,0.622,0.642,0.641,0.67,0.698,0.67,1.252,1.277,1.48,1.481,1.489,1.493,1.492,1.518,1.23,1.273,0.685,0.673,0.644,0.663,0.742,0.717,1.237,1.24,0.631,0.734,0.844,0.645,0.631,0.621,1.256,1.271,1.077,0.085,1.146,0.085,0.085,0.086,0.085,0.897
,33:49:46,25.1,1.068,1.026,0.955,0.907,0.865,0.923,1.269,1.326,0.686,0.638,0.64,0.639,0.69,0.664,1.25,1.277,1.482,1.483,1.496,1.496,1.498,1.522,1.227,1.271,0.681,0.668,0.639,0.657,0.736,0.712,1.234,1.236,0.629,0.732,0.837,0.641,0.625,0.616,1.255,1.268,1.08,0.085,1.14,0.085,0.085,0.086,0.085,0.912
,33:59:46,25.1,1.067,1.024,0.954,0.907,0.866,0.923,1.267,1.325,0.626,0.631,0.628,0.659,0.669,0.639,1.248,1.275,1.48,1.486,1.498,1.5,1.497,1.527,1.226,1.268,0.679,0.664,0.637,0.654,0.731,0.706,1.231,1.234,0.627,0.736,0.829,0.635,0.623,0.609,1.253,1.267,1.088,0.085,1.134,0.085,0.085,0.086,0.085,0.927
,34:09:46,25.1,1.067,1.022,0.953,0.907,0.866,0.924,1.264,1.327,0.603,0.631,0.621,0.656,0.694,0.653,1.246,1.272,1.485,1.492,1.5,1.502,1.502,1.53,1.225,1.265,0.674,0.659,0.634,0.651,0.726,0.705,1.23,1.233,0.624,0.738,0.82,0.632,0.619,0.607,1.251,1.264,1.084,0.085,1.128,0.085,0.085,0.086,0.085,0.942
,34:19:46,25.1,1.066,1.021,0.954,0.908,0.869,0.925,1.263,1.327,0.588,0.622,0.613,0.662,0.678,0.647,1.242,1.27,1.491,1.495,1.508,1.506,1.502,1.536,1.223,1.265,0.671,0.653,0.632,0.647,0.721,0.699,1.225,1.233,0.622,0.739,0.812,0.627,0.617,0.604,1.25,1.261,1.092,0.085,1.126,0.085,0.085,0.086,0.085,0.956
,34:29:46,25.1,1.064,1.018,0.951,0.908,0.867,0.925,1.261,1.328,0.594,0.63,0.61,0.674,0.678,0.637,1.24,1.269,1.492,1.499,1.514,1.508,1.508,1.534,1.22,1.264,0.667,0.652,0.629,0.642,0.716,0.695,1.226,1.229,0.619,0.738,0.805,0.622,0.614,0.599,1.247,1.259,1.092,0.085,1.125,0.085,0.085,0.086,0.085,0.967
,34:39:46,25.1,1.063,1.016,0.95,0.908,0.867,0.924,1.258,1.328,0.594,0.624,0.604,0.623,0.673,0.635,1.238,1.268,1.498,1.504,1.52,1.509,1.513,1.535,1.218,1.26,0.664,0.644,0.631,0.641,0.712,0.692,1.222,1.225,0.615,0.735,0.798,0.617,0.61,0.593,1.247,1.256,1.095,0.085,1.12,0.085,0.085,0.086,0.085,0.98
,34:49:46,25.1,1.062,1.014,0.95,0.908,0.868,0.924,1.256,1.327,0.591,0.616,0.59,0.657,0.666,0.601,1.236,1.265,1.499,1.506,1.52,1.515,1.512,1.54,1.216,1.257,0.661,0.64,0.628,0.636,0.706,0.688,1.219,1.224,0.612,0.728,0.791,0.612,0.606,0.589,1.247,1.255,1.1,0.085,1.116,0.085,0.085,0.086,0.085,0.995
,34:59:46,25.1,1.061,1.012,0.947,0.907,0.869,0.926,1.253,1.327,0.57,0.613,0.601,0.638,0.632,0.593,1.234,1.263,1.501,1.514,1.524,1.516,1.516,1.542,1.214,1.255,0.655,0.637,0.627,0.632,0.7,0.684,1.217,1.223,0.611,0.728,0.781,0.608,0.602,0.586,1.246,1.25,1.101,0.085,1.117,0.085,0.085,0.086,0.085,1.011
,35:09:46,25.1,1.06,1.011,0.946,0.91,0.87,0.926,1.25,1.326,0.558,0.601,0.592,0.6,0.651,0.576,1.232,1.261,1.505,1.513,1.528,1.52,1.518,1.547,1.21,1.253,0.653,0.633,0.624,0.627,0.695,0.679,1.215,1.221,0.607,0.725,0.776,0.605,0.599,0.583,1.243,1.25,1.103,0.085,1.111,0.085,0.085,0.086,0.085,1.022
,35:19:46,25.1,1.06,1.01,0.947,0.909,0.871,0.928,1.25,1.329,0.554,0.595,0.605,0.601,0.635,0.588,1.228,1.256,1.511,1.516,1.533,1.524,1.523,1.55,1.207,1.248,0.648,0.629,0.622,0.627,0.692,0.676,1.211,1.218,0.604,0.72,0.767,0.6,0.594,0.579,1.244,1.248,1.112,0.085,1.105,0.085,0.085,0.086,0.085,1.033
,35:29:46,25.1,1.058,1.007,0.945,0.911,0.872,0.927,1.247,1.327,0.55,0.586,0.631,0.57,0.59,0.553,1.228,1.254,1.514,1.521,1.536,1.523,1.526,1.55,1.205,1.247,0.647,0.624,0.621,0.624,0.685,0.672,1.209,1.216,0.6,0.718,0.761,0.596,0.593,0.577,1.241,1.244,1.114,0.085,1.103,0.086,0.085,0.086,0.085,1.047
,35:39:46,25.1,1.058,1.005,0.945,0.911,0.873,0.928,1.244,1.326,0.543,0.581,0.604,0.508,0.617,0.571,1.224,1.249,1.514,1.525,1.539,1.528,1.526,1.557,1.202,1.243,0.642,0.621,0.619,0.621,0.683,0.667,1.205,1.214,0.598,0.714,0.753,0.591,0.588,0.572,1.238,1.242,1.12,0.085,1.098,0.085,0.085,0.086,0.085,1.059
,35:49:46,25.1,1.057,1.003,0.944,0.912,0.874,0.929,1.243,1.33,0.541,0.573,0.588,0.518,0.62,0.544,1.222,1.246,1.521,1.53,1.542,1.53,1.532,1.556,1.199,1.24,0.64,0.617,0.616,0.616,0.676,0.665,1.203,1.212,0.595,0.709,0.746,0.588,0.584,0.57,1.234,1.241,1.124,0.085,1.092,0.085,0.085,0.086,0.085,1.069
,35:59:46,25.1,1.055,1.002,0.942,0.911,0.874,0.93,1.241,1.327,0.534,0.566,0.597,0.498,0.606,0.518,1.22,1.241,1.52,1.532,1.548,1.535,1.532,1.558,1.197,1.239,0.634,0.613,0.612,0.614,0.672,0.66,1.2,1.208,0.59,0.707,0.739,0.583,0.581,0.569,1.23,1.238,1.122,0.085,1.09,0.085,0.085,0.086,0.085,1.079
,36:09:46,25.1,1.055,1,0.942,0.913,0.875,0.93,1.233,1.327,0.533,0.567,0.587,0.512,0.577,0.512,1.216,1.237,1.526,1.536,1.549,1.534,1.535,1.555,1.196,1.236,0.632,0.608,0.61,0.611,0.665,0.657,1.196,1.206,0.588,0.703,0.731,0.579,0.576,0.566,1.23,1.236,1.13,0.085,1.09,0.085,0.085,0.086,0.085,1.089
,36:19:46,25.1,1.054,0.998,0.941,0.913,0.876,0.931,1.234,1.327,0.528,0.553,0.582,0.509,0.585,0.53,1.214,1.232,1.531,1.539,1.552,1.536,1.537,1.562,1.192,1.232,0.629,0.605,0.61,0.608,0.664,0.654,1.194,1.202,0.584,0.699,0.725,0.575,0.573,0.564,1.227,1.24,1.128,0.085,1.085,0.085,0.085,0.086,0.085,1.101
,36:29:46,25.1,1.053,0.995,0.938,0.913,0.877,0.931,1.23,1.329,0.514,0.544,0.558,0.507,0.577,0.538,1.212,1.229,1.534,1.541,1.557,1.537,1.54,1.56,1.19,1.23,0.625,0.6,0.606,0.606,0.659,0.65,1.194,1.199,0.578,0.696,0.719,0.571,0.57,0.559,1.222,1.236,1.136,0.085,1.082,0.086,0.085,0.086,0.085,1.11
,36:39:46,25.1,1.052,0.993,0.938,0.911,0.877,0.931,1.229,1.331,0.519,0.54,0.521,0.518,0.568,0.537,1.209,1.223,1.536,1.545,1.56,1.544,1.542,1.563,1.187,1.228,0.621,0.597,0.603,0.604,0.653,0.644,1.187,1.198,0.576,0.691,0.709,0.567,0.568,0.558,1.218,1.236,1.138,0.085,1.076,0.085,0.085,0.086,0.085,1.117
,36:49:46,25.1,1.05,0.992,0.938,0.912,0.878,0.931,1.224,1.331,0.511,0.529,0.534,0.491,0.581,0.535,1.208,1.22,1.539,1.545,1.565,1.546,1.546,1.567,1.186,1.227,0.616,0.592,0.6,0.602,0.649,0.643,1.186,1.194,0.571,0.69,0.703,0.563,0.563,0.555,1.214,1.232,1.137,0.085,1.074,0.085,0.085,0.086,0.085,1.121
,36:59:46,25.1,1.051,0.99,0.937,0.913,0.88,0.933,1.222,1.333,0.523,0.526,0.501,0.484,0.548,0.504,1.204,1.215,1.546,1.55,1.566,1.548,1.55,1.567,1.185,1.223,0.611,0.59,0.598,0.599,0.647,0.639,1.184,1.192,0.569,0.684,0.698,0.559,0.558,0.553,1.211,1.234,1.144,0.085,1.071,0.085,0.085,0.086,0.085,1.121
,37:09:46,25.1,1.049,0.989,0.936,0.91,0.879,0.934,1.221,1.333,0.501,0.522,0.497,0.471,0.53,0.507,1.202,1.211,1.547,1.55,1.567,1.55,1.549,1.571,1.182,1.221,0.61,0.587,0.596,0.598,0.64,0.636,1.181,1.19,0.567,0.681,0.69,0.555,0.556,0.552,1.209,1.228,1.144,0.085,1.067,0.085,0.085,0.086,0.085,1.123
,37:19:46,25.1,1.049,0.986,0.935,0.911,0.88,0.935,1.217,1.333,0.501,0.516,0.513,0.451,0.52,0.503,1.199,1.208,1.547,1.551,1.573,1.551,1.552,1.571,1.179,1.216,0.608,0.586,0.592,0.593,0.637,0.63,1.179,1.19,0.564,0.678,0.685,0.554,0.552,0.551,1.205,1.231,1.151,0.085,1.062,0.085,0.085,0.086,0.085,1.127
,37:29:46,25.1,1.048,0.984,0.934,0.913,0.881,0.936,1.217,1.335,0.494,0.51,0.48,0.436,0.487,0.47,1.197,1.201,1.555,1.554,1.573,1.555,1.555,1.576,1.178,1.215,0.606,0.579,0.591,0.592,0.631,0.629,1.176,1.188,0.561,0.676,0.683,0.55,0.548,0.548,1.201,1.229,1.155,0.085,1.058,0.085,0.085,0.086,0.085,1.137
,37:39:46,25.1,1.048,0.982,0.932,0.913,0.883,0.937,1.215,1.332,0.487,0.503,0.453,0.415,0.467,0.461,1.193,1.198,1.556,1.555,1.579,1.554,1.557,1.576,1.174,1.212,0.602,0.574,0.59,0.586,0.628,0.626,1.172,1.183,0.558,0.672,0.679,0.549,0.546,0.547,1.199,1.225,1.156,0.085,1.057,0.085,0.085,0.086,0.085,1.144
,37:49:46,25.1,1.047,0.981,0.932,0.914,0.883,0.937,1.212,1.331,0.478,0.499,0.414,0.41,0.432,0.458,1.191,1.196,1.56,1.56,1.58,1.557,1.559,1.58,1.175,1.208,0.599,0.573,0.587,0.586,0.622,0.622,1.17,1.183,0.554,0.669,0.678,0.546,0.541,0.547,1.195,1.227,1.16,0.085,1.051,0.085,0.085,0.086,0.085,1.155
,37:59:46,25.1,1.046,0.979,0.931,0.914,0.885,0.939,1.209,1.33,0.47,0.499,0.414,0.409,0.429,0.432,1.188,1.19,1.56,1.561,1.582,1.561,1.563,1.579,1.171,1.206,0.598,0.569,0.585,0.583,0.619,0.619,1.168,1.178,0.551,0.664,0.679,0.544,0.538,0.545,1.19,1.226,1.163,0.085,1.046,0.086,0.085,0.086,0.085,1.165
,38:09:46,25.1,1.045,0.977,0.93,0.914,0.885,0.94,1.206,1.33,0.466,0.492,0.422,0.389,0.419,0.446,1.186,1.188,1.566,1.561,1.579,1.563,1.563,1.584,1.169,1.204,0.594,0.565,0.579,0.579,0.614,0.616,1.163,1.176,0.546,0.662,0.676,0.541,0.536,0.545,1.187,1.225,1.169,0.085,1.042,0.085,0.085,0.086,0.085,1.174
,38:19:46,25.1,1.044,0.975,0.929,0.914,0.887,0.94,1.203,1.33,0.465,0.483,0.42,0.388,0.428,0.413,1.182,1.184,1.572,1.562,1.586,1.565,1.566,1.583,1.166,1.203,0.592,0.564,0.576,0.575,0.61,0.614,1.16,1.173,0.542,0.659,0.676,0.539,0.532,0.54,1.183,1.222,1.166,0.085,1.037,0.085,0.085,0.086,0.085,1.181
,38:29:46,25.1,1.043,0.973,0.927,0.914,0.887,0.941,1.203,1.328,0.456,0.48,0.402,0.401,0.411,0.424,1.183,1.18,1.571,1.564,1.585,1.565,1.566,1.586,1.165,1.2,0.589,0.56,0.573,0.573,0.608,0.61,1.158,1.171,0.539,0.656,0.675,0.537,0.53,0.542,1.179,1.22,1.164,0.085,1.032,0.085,0.085,0.086,0.085,1.187
,38:39:46,25.1,1.043,0.971,0.927,0.915,0.888,0.941,1.201,1.328,0.448,0.475,0.384,0.43,0.433,0.42,1.18,1.176,1.572,1.565,1.589,1.57,1.569,1.587,1.161,1.199,0.585,0.558,0.572,0.573,0.602,0.607,1.153,1.168,0.535,0.654,0.677,0.535,0.525,0.541,1.176,1.218,1.176,0.085,1.031,0.085,0.085,0.086,0.085,1.194
,38:49:46,25.1,1.042,0.969,0.924,0.915,0.889,0.941,1.199,1.324,0.447,0.471,0.382,0.387,0.431,0.407,1.177,1.175,1.576,1.569,1.588,1.571,1.57,1.59,1.161,1.194,0.583,0.553,0.569,0.569,0.599,0.604,1.15,1.166,0.532,0.649,0.673,0.531,0.522,0.541,1.173,1.22,1.175,0.085,1.027,0.085,0.085,0.086,0.085,1.197
,38:59:46,25.1,1.04,0.968,0.925,0.916,0.89,0.942,1.197,1.324,0.446,0.469,0.369,0.375,0.401,0.403,1.174,1.169,1.579,1.568,1.589,1.573,1.573,1.589,1.157,1.192,0.58,0.548,0.567,0.566,0.595,0.602,1.147,1.163,0.529,0.646,0.671,0.53,0.519,0.538,1.171,1.218,1.178,0.085,1.022,0.085,0.085,0.086,0.085,1.201
,39:09:46,25.1,1.039,0.966,0.924,0.916,0.891,0.944,1.194,1.319,0.443,0.463,0.361,0.364,0.409,0.395,1.172,1.165,1.579,1.571,1.595,1.575,1.574,1.591,1.154,1.19,0.578,0.546,0.565,0.564,0.594,0.599,1.144,1.163,0.526,0.643,0.668,0.527,0.517,0.539,1.166,1.217,1.18,0.085,1.016,0.085,0.085,0.086,0.085,1.204
,39:19:46,25.1,1.038,0.963,0.922,0.916,0.892,0.945,1.194,1.317,0.437,0.464,0.363,0.35,0.386,0.381,1.17,1.163,1.582,1.573,1.593,1.577,1.579,1.591,1.152,1.186,0.574,0.545,0.562,0.561,0.591,0.596,1.142,1.161,0.522,0.641,0.667,0.527,0.514,0.539,1.162,1.22,1.183,0.085,1.014,0.085,0.085,0.086,0.085,1.203
,39:29:46,25.1,1.037,0.962,0.922,0.916,0.893,0.946,1.192,1.315,0.44,0.461,0.364,0.341,0.386,0.368,1.165,1.16,1.581,1.573,1.596,1.577,1.577,1.59,1.15,1.184,0.571,0.541,0.558,0.559,0.586,0.592,1.142,1.163,0.52,0.636,0.661,0.526,0.511,0.538,1.16,1.214,1.185,0.085,1.006,0.085,0.085,0.086,0.085,1.202
,39:39:46,25.1,1.036,0.96,0.921,0.917,0.894,0.947,1.19,1.313,0.448,0.452,0.357,0.347,0.383,0.358,1.163,1.157,1.587,1.578,1.596,1.578,1.578,1.594,1.146,1.181,0.568,0.541,0.555,0.556,0.583,0.59,1.137,1.16,0.517,0.633,0.66,0.524,0.507,0.538,1.156,1.216,1.187,0.085,1.005,0.085,0.085,0.086,0.085,1.199
,39:49:46,25.1,1.034,0.958,0.92,0.916,0.895,0.947,1.19,1.308,0.425,0.447,0.352,0.335,0.379,0.366,1.161,1.153,1.587,1.579,1.599,1.582,1.581,1.596,1.145,1.178,0.566,0.541,0.555,0.556,0.581,0.587,1.137,1.158,0.515,0.63,0.658,0.522,0.505,0.536,1.151,1.215,1.188,0.085,1,0.085,0.085,0.086,0.085,1.194
,39:59:46,25.1,1.032,0.957,0.919,0.917,0.897,0.948,1.189,1.305,0.421,0.444,0.353,0.347,0.377,0.371,1.158,1.151,1.587,1.577,1.604,1.584,1.581,1.594,1.143,1.175,0.563,0.536,0.551,0.553,0.577,0.584,1.133,1.154,0.51,0.627,0.655,0.52,0.503,0.535,1.151,1.212,1.193,0.085,0.996,0.085,0.085,0.086,0.085,1.188
,40:09:46,25.1,1.031,0.955,0.917,0.917,0.898,0.948,1.186,1.303,0.418,0.441,0.356,0.333,0.366,0.368,1.155,1.147,1.598,1.578,1.602,1.588,1.585,1.596,1.14,1.174,0.559,0.531,0.549,0.552,0.577,0.582,1.131,1.151,0.509,0.624,0.653,0.518,0.499,0.535,1.145,1.21,1.196,0.085,0.991,0.086,0.085,0.086,0.085,1.182
,40:19:46,25.1,1.028,0.953,0.916,0.916,0.898,0.95,1.185,1.296,0.414,0.439,0.357,0.337,0.351,0.372,1.152,1.145,1.599,1.58,1.602,1.587,1.586,1.599,1.136,1.171,0.558,0.531,0.545,0.549,0.573,0.579,1.132,1.15,0.506,0.62,0.653,0.517,0.498,0.535,1.144,1.212,1.199,0.085,0.987,0.085,0.085,0.086,0.085,1.178
,40:29:46,25.1,1.027,0.951,0.916,0.917,0.9,0.951,1.182,1.291,0.42,0.434,0.362,0.35,0.344,0.356,1.15,1.143,1.598,1.58,1.607,1.588,1.588,1.6,1.134,1.168,0.557,0.528,0.545,0.546,0.572,0.577,1.129,1.147,0.505,0.618,0.647,0.517,0.495,0.536,1.143,1.209,1.201,0.085,0.982,0.085,0.085,0.086,0.085,1.176
,40:39:46,25.1,1.026,0.95,0.915,0.917,0.901,0.95,1.181,1.283,0.409,0.433,0.349,0.339,0.343,0.335,1.147,1.14,1.602,1.584,1.61,1.589,1.588,1.604,1.133,1.166,0.554,0.529,0.543,0.544,0.568,0.574,1.128,1.143,0.504,0.615,0.645,0.515,0.492,0.534,1.139,1.207,1.204,0.085,0.977,0.086,0.085,0.086,0.085,1.172
,40:49:46,25.1,1.024,0.948,0.914,0.917,0.902,0.953,1.178,1.277,0.407,0.427,0.354,0.333,0.341,0.334,1.144,1.138,1.605,1.586,1.61,1.595,1.589,1.605,1.13,1.163,0.551,0.526,0.538,0.541,0.567,0.572,1.124,1.142,0.5,0.612,0.64,0.514,0.489,0.534,1.134,1.202,1.205,0.085,0.972,0.085,0.085,0.086,0.085,1.17
,40:59:46,25.1,1.022,0.946,0.913,0.918,0.904,0.953,1.176,1.266,0.406,0.429,0.349,0.332,0.342,0.322,1.142,1.136,1.609,1.586,1.611,1.594,1.589,1.606,1.127,1.161,0.549,0.528,0.538,0.54,0.564,0.568,1.124,1.14,0.5,0.609,0.639,0.512,0.487,0.536,1.132,1.202,1.203,0.085,0.969,0.085,0.085,0.086,0.085,1.168
,41:09:46,25.1,1.021,0.945,0.913,0.918,0.905,0.954,1.173,1.26,0.405,0.422,0.35,0.329,0.347,0.326,1.14,1.133,1.609,1.585,1.614,1.597,1.593,1.606,1.125,1.158,0.546,0.525,0.535,0.538,0.565,0.565,1.122,1.136,0.499,0.605,0.637,0.51,0.485,0.536,1.127,1.202,1.209,0.085,0.965,0.085,0.085,0.086,0.085,1.166
,41:19:46,25.1,1.019,0.942,0.911,0.918,0.906,0.955,1.171,1.254,0.401,0.437,0.353,0.331,0.339,0.332,1.138,1.132,1.611,1.587,1.619,1.598,1.595,1.611,1.122,1.157,0.543,0.521,0.534,0.537,0.559,0.562,1.118,1.138,0.498,0.601,0.637,0.508,0.483,0.534,1.124,1.2,1.211,0.085,0.963,0.085,0.085,0.086,0.085,1.161
,41:29:46,25.1,1.016,0.941,0.911,0.918,0.907,0.956,1.168,1.246,0.401,0.419,0.347,0.336,0.341,0.328,1.135,1.127,1.613,1.591,1.616,1.595,1.594,1.61,1.118,1.153,0.541,0.52,0.529,0.532,0.559,0.56,1.116,1.135,0.498,0.6,0.63,0.512,0.482,0.537,1.124,1.197,1.215,0.085,0.958,0.085,0.085,0.086,0.085,1.16
,41:39:46,25.1,1.015,0.939,0.911,0.918,0.907,0.958,1.168,1.243,0.402,0.414,0.349,0.335,0.341,0.327,1.132,1.125,1.615,1.593,1.623,1.601,1.598,1.612,1.114,1.151,0.538,0.518,0.529,0.532,0.557,0.559,1.116,1.133,0.498,0.597,0.632,0.51,0.48,0.534,1.12,1.197,1.217,0.085,0.955,0.085,0.085,0.086,0.085,1.161
,41:49:46,25.1,1.013,0.937,0.91,0.918,0.908,0.957,1.166,1.236,0.401,0.412,0.347,0.337,0.336,0.323,1.13,1.123,1.62,1.594,1.62,1.602,1.601,1.612,1.112,1.145,0.536,0.519,0.526,0.529,0.555,0.556,1.113,1.129,0.496,0.593,0.629,0.507,0.478,0.533,1.117,1.194,1.214,0.085,0.95,0.085,0.085,0.086,0.085,1.156
,41:59:46,25.1,1.01,0.935,0.909,0.918,0.911,0.959,1.162,1.236,0.399,0.408,0.348,0.332,0.332,0.32,1.126,1.122,1.623,1.595,1.619,1.605,1.6,1.613,1.109,1.142,0.534,0.517,0.525,0.526,0.555,0.554,1.109,1.128,0.496,0.591,0.626,0.507,0.475,0.536,1.113,1.191,1.219,0.085,0.948,0.085,0.085,0.086,0.085,1.153
,42:09:46,25.1,1.009,0.933,0.908,0.918,0.91,0.959,1.159,1.225,0.398,0.416,0.348,0.332,0.342,0.321,1.123,1.119,1.624,1.598,1.623,1.603,1.604,1.615,1.106,1.138,0.531,0.516,0.524,0.526,0.552,0.552,1.106,1.125,0.497,0.588,0.629,0.506,0.474,0.532,1.109,1.189,1.221,0.085,0.945,0.085,0.085,0.086,0.085,1.15
,42:19:46,25.1,1.006,0.931,0.907,0.917,0.911,0.961,1.158,1.216,0.396,0.406,0.349,0.331,0.34,0.315,1.121,1.118,1.626,1.597,1.623,1.607,1.604,1.618,1.103,1.135,0.528,0.512,0.521,0.525,0.553,0.551,1.105,1.12,0.497,0.583,0.623,0.504,0.474,0.533,1.107,1.187,1.222,0.085,0.938,0.085,0.085,0.086,0.085,1.147
,42:29:46,25.1,1.003,0.929,0.907,0.917,0.911,0.961,1.155,1.208,0.396,0.405,0.346,0.328,0.335,0.318,1.119,1.113,1.628,1.599,1.625,1.606,1.606,1.617,1.1,1.13,0.529,0.51,0.519,0.523,0.551,0.548,1.101,1.119,0.498,0.582,0.622,0.503,0.471,0.533,1.103,1.183,1.224,0.085,0.936,0.086,0.085,0.086,0.085,1.147
,42:39:46,25.1,1.001,0.928,0.906,0.918,0.912,0.961,1.151,1.204,0.394,0.399,0.345,0.33,0.334,0.317,1.116,1.113,1.631,1.602,1.629,1.609,1.608,1.617,1.098,1.126,0.527,0.51,0.517,0.522,0.549,0.546,1.098,1.118,0.501,0.578,0.618,0.504,0.471,0.534,1.095,1.18,1.222,0.085,0.931,0.086,0.085,0.086,0.085,1.143
,42:49:46,25.1,0.998,0.926,0.905,0.917,0.913,0.962,1.151,1.199,0.389,0.395,0.344,0.327,0.336,0.318,1.115,1.109,1.631,1.601,1.63,1.613,1.606,1.618,1.096,1.121,0.525,0.509,0.516,0.52,0.547,0.546,1.096,1.114,0.502,0.574,0.619,0.505,0.471,0.534,1.09,1.18,1.227,0.085,0.928,0.085,0.085,0.086,0.085,1.142
,42:59:46,25.1,0.996,0.924,0.905,0.916,0.914,0.963,1.149,1.192,0.386,0.395,0.341,0.324,0.335,0.318,1.111,1.107,1.636,1.606,1.633,1.611,1.609,1.62,1.091,1.115,0.525,0.507,0.513,0.519,0.548,0.543,1.094,1.113,0.503,0.571,0.615,0.505,0.469,0.535,1.084,1.177,1.23,0.085,0.922,0.086,0.085,0.086,0.085,1.141
,43:09:46,25.1,0.994,0.922,0.903,0.917,0.914,0.965,1.145,1.185,0.385,0.394,0.351,0.318,0.336,0.316,1.108,1.106,1.634,1.605,1.632,1.612,1.611,1.623,1.088,1.115,0.523,0.507,0.512,0.517,0.547,0.542,1.092,1.111,0.504,0.568,0.614,0.502,0.468,0.535,1.078,1.175,1.229,0.085,0.92,0.086,0.085,0.086,0.085,1.139
,43:19:46,25.1,0.992,0.92,0.903,0.918,0.915,0.965,1.144,1.179,0.381,0.393,0.346,0.315,0.334,0.319,1.106,1.103,1.641,1.609,1.633,1.613,1.609,1.629,1.086,1.11,0.522,0.506,0.51,0.515,0.547,0.541,1.088,1.108,0.503,0.565,0.614,0.504,0.467,0.537,1.072,1.173,1.229,0.085,0.918,0.086,0.085,0.086,0.085,1.139
,43:29:46,25.1,0.99,0.918,0.903,0.917,0.916,0.966,1.143,1.175,0.382,0.394,0.357,0.318,0.333,0.313,1.103,1.102,1.639,1.612,1.635,1.614,1.613,1.624,1.082,1.107,0.521,0.507,0.507,0.514,0.544,0.54,1.086,1.105,0.503,0.565,0.613,0.504,0.467,0.535,1.065,1.17,1.231,0.085,0.915,0.085,0.085,0.086,0.085,1.136
,43:39:46,25.1,0.988,0.917,0.902,0.917,0.917,0.967,1.141,1.171,0.378,0.392,0.353,0.32,0.331,0.315,1.101,1.1,1.641,1.612,1.637,1.616,1.612,1.624,1.08,1.102,0.52,0.503,0.506,0.514,0.545,0.538,1.083,1.103,0.506,0.562,0.611,0.502,0.467,0.537,1.059,1.165,1.232,0.085,0.912,0.085,0.085,0.086,0.085,1.132
,43:49:46,25.1,0.986,0.915,0.902,0.917,0.917,0.967,1.14,1.166,0.378,0.388,0.354,0.321,0.329,0.316,1.099,1.099,1.644,1.612,1.638,1.617,1.615,1.625,1.076,1.099,0.518,0.505,0.503,0.511,0.545,0.538,1.08,1.099,0.505,0.557,0.61,0.502,0.468,0.535,1.054,1.165,1.236,0.085,0.908,0.085,0.085,0.086,0.085,1.13
,43:59:46,25.1,0.983,0.914,0.9,0.916,0.919,0.967,1.14,1.168,0.374,0.387,0.35,0.325,0.324,0.313,1.095,1.097,1.645,1.616,1.64,1.617,1.615,1.626,1.073,1.096,0.517,0.502,0.501,0.511,0.545,0.538,1.077,1.097,0.505,0.554,0.608,0.503,0.466,0.535,1.05,1.161,1.236,0.085,0.904,0.085,0.085,0.086,0.085,1.129
,44:09:46,25.1,0.981,0.911,0.901,0.916,0.919,0.967,1.14,1.162,0.373,0.384,0.339,0.332,0.333,0.321,1.093,1.095,1.649,1.617,1.638,1.617,1.62,1.626,1.071,1.093,0.516,0.501,0.5,0.51,0.544,0.535,1.076,1.094,0.507,0.552,0.608,0.503,0.467,0.535,1.046,1.157,1.235,0.085,0.9,0.085,0.085,0.086,0.085,1.128
,44:19:46,25.1,0.979,0.91,0.9,0.917,0.919,0.968,1.139,1.169,0.374,0.384,0.341,0.343,0.332,0.322,1.09,1.094,1.653,1.621,1.642,1.621,1.619,1.629,1.067,1.091,0.515,0.502,0.5,0.507,0.544,0.534,1.073,1.094,0.507,0.551,0.606,0.504,0.466,0.532,1.043,1.158,1.237,0.085,0.899,0.086,0.084,0.086,0.085,1.127
,44:29:46,25.1,0.977,0.908,0.899,0.916,0.92,0.968,1.138,1.17,0.373,0.382,0.333,0.342,0.332,0.33,1.087,1.094,1.655,1.621,1.641,1.62,1.622,1.632,1.066,1.088,0.515,0.499,0.498,0.507,0.543,0.534,1.07,1.089,0.506,0.548,0.605,0.502,0.464,0.536,1.041,1.154,1.238,0.085,0.896,0.085,0.085,0.086,0.085,1.125
,44:39:46,25.1,0.976,0.907,0.899,0.917,0.92,0.969,1.139,1.167,0.368,0.38,0.341,0.338,0.332,0.342,1.085,1.089,1.655,1.62,1.641,1.62,1.621,1.63,1.063,1.085,0.513,0.5,0.497,0.506,0.543,0.533,1.067,1.085,0.508,0.546,0.603,0.501,0.466,0.539,1.038,1.153,1.242,0.085,0.893,0.086,0.084,0.086,0.085,1.124
,44:49:46,25.1,0.976,0.905,0.899,0.917,0.921,0.97,1.14,1.154,0.369,0.379,0.351,0.345,0.335,0.356,1.082,1.089,1.655,1.623,1.642,1.625,1.626,1.628,1.062,1.081,0.514,0.502,0.495,0.502,0.541,0.532,1.066,1.083,0.51,0.546,0.602,0.499,0.465,0.539,1.034,1.15,1.245,0.085,0.891,0.086,0.085,0.086,0.085,1.122
,44:59:46,25.1,0.975,0.904,0.899,0.918,0.923,0.971,1.14,1.151,0.365,0.376,0.356,0.346,0.335,0.356,1.078,1.088,1.657,1.625,1.644,1.628,1.625,1.633,1.06,1.081,0.511,0.5,0.494,0.503,0.542,0.532,1.063,1.081,0.51,0.542,0.601,0.499,0.467,0.539,1.036,1.148,1.247,0.085,0.89,0.086,0.085,0.086,0.085,1.121
,45:09:46,25.1,0.973,0.903,0.898,0.917,0.922,0.972,1.143,1.159,0.365,0.376,0.358,0.354,0.34,0.365,1.077,1.087,1.67,1.625,1.647,1.629,1.628,1.638,1.057,1.077,0.51,0.5,0.494,0.501,0.542,0.532,1.06,1.078,0.51,0.54,0.6,0.5,0.468,0.538,1.035,1.145,1.246,0.085,0.888,0.086,0.085,0.086,0.085,1.123
,45:19:46,25.1,0.971,0.901,0.898,0.917,0.923,0.972,1.14,1.164,0.367,0.374,0.361,0.357,0.353,0.376,1.075,1.084,1.669,1.629,1.643,1.63,1.629,1.633,1.055,1.075,0.512,0.5,0.493,0.502,0.544,0.531,1.057,1.075,0.508,0.539,0.599,0.499,0.468,0.539,1.034,1.146,1.244,0.085,0.883,0.086,0.085,0.086,0.085,1.123
,45:29:46,25.1,0.969,0.9,0.898,0.917,0.922,0.972,1.138,1.175,0.366,0.371,0.361,0.36,0.358,0.386,1.072,1.082,1.671,1.634,1.649,1.632,1.629,1.635,1.054,1.075,0.511,0.501,0.491,0.502,0.542,0.531,1.056,1.074,0.51,0.537,0.596,0.5,0.468,0.539,1.033,1.142,1.25,0.085,0.881,0.086,0.085,0.086,0.085,1.124
,45:39:46,25.1,0.968,0.899,0.899,0.918,0.923,0.973,1.139,1.185,0.369,0.37,0.361,0.36,0.364,0.386,1.07,1.081,1.67,1.63,1.645,1.629,1.631,1.638,1.053,1.072,0.511,0.498,0.49,0.499,0.543,0.531,1.053,1.07,0.508,0.536,0.594,0.499,0.468,0.539,1.034,1.139,1.253,0.085,0.877,0.086,0.085,0.086,0.085,1.123
,45:49:46,25.1,0.967,0.897,0.897,0.917,0.923,0.973,1.14,1.193,0.365,0.366,0.367,0.361,0.365,0.383,1.068,1.079,1.677,1.633,1.647,1.634,1.63,1.637,1.051,1.069,0.512,0.502,0.488,0.5,0.541,0.53,1.051,1.068,0.509,0.534,0.593,0.496,0.469,0.542,1.033,1.136,1.251,0.085,0.877,0.085,0.085,0.086,0.085,1.126
,45:59:46,25.1,0.966,0.896,0.898,0.917,0.923,0.973,1.139,1.192,0.368,0.365,0.374,0.365,0.369,0.391,1.064,1.079,1.673,1.635,1.649,1.631,1.632,1.638,1.049,1.069,0.512,0.5,0.488,0.498,0.542,0.53,1.049,1.065,0.511,0.534,0.59,0.496,0.468,0.545,1.033,1.133,1.249,0.085,0.873,0.086,0.085,0.086,0.085,1.128
,46:09:46,25.1,0.964,0.892,0.897,0.917,0.922,0.973,1.137,1.163,0.366,0.363,0.374,0.372,0.367,0.393,1.063,1.077,1.676,1.636,1.653,1.632,1.633,1.638,1.047,1.066,0.511,0.499,0.486,0.498,0.542,0.528,1.048,1.064,0.511,0.532,0.589,0.497,0.469,0.546,1.031,1.131,1.246,0.085,0.87,0.086,0.085,0.086,0.085,1.13
,46:19:46,25.1,0.964,0.893,0.897,0.917,0.924,0.975,1.138,1.163,0.364,0.36,0.379,0.375,0.376,0.399,1.059,1.076,1.677,1.639,1.651,1.632,1.632,1.636,1.045,1.065,0.51,0.499,0.486,0.496,0.543,0.529,1.045,1.063,0.511,0.534,0.589,0.498,0.47,0.547,1.03,1.129,1.253,0.085,0.871,0.086,0.085,0.086,0.085,1.133
,46:29:46,25.1,0.962,0.891,0.897,0.917,0.923,0.976,1.139,1.167,0.363,0.358,0.38,0.376,0.376,0.394,1.059,1.076,1.679,1.641,1.654,1.635,1.633,1.642,1.043,1.063,0.511,0.497,0.486,0.497,0.545,0.528,1.044,1.055,0.511,0.533,0.586,0.498,0.471,0.547,1.028,1.127,1.249,0.085,0.868,0.086,0.085,0.086,0.085,1.135
,46:39:46,25.1,0.962,0.89,0.898,0.918,0.925,0.976,1.143,1.166,0.361,0.359,0.38,0.374,0.376,0.39,1.055,1.076,1.682,1.64,1.653,1.635,1.632,1.641,1.042,1.062,0.51,0.5,0.484,0.496,0.543,0.529,1.043,1.057,0.513,0.533,0.586,0.499,0.473,0.549,1.025,1.124,1.256,0.085,0.867,0.085,0.085,0.086,0.085,1.137
,46:49:46,25.1,0.961,0.889,0.898,0.918,0.925,0.976,1.145,1.161,0.363,0.356,0.383,0.381,0.373,0.387,1.052,1.073,1.682,1.642,1.652,1.637,1.634,1.645,1.041,1.059,0.509,0.498,0.484,0.497,0.545,0.531,1.04,1.052,0.514,0.533,0.583,0.499,0.473,0.551,1.021,1.121,1.258,0.085,0.865,0.086,0.085,0.086,0.085,1.138
,46:59:46,25.1,0.961,0.888,0.898,0.918,0.925,0.976,1.146,1.161,0.365,0.356,0.389,0.383,0.377,0.387,1.049,1.073,1.682,1.647,1.657,1.641,1.633,1.645,1.039,1.059,0.51,0.499,0.483,0.495,0.545,0.53,1.038,1.05,0.514,0.533,0.583,0.499,0.473,0.552,1.016,1.122,1.26,0.085,0.863,0.085,0.085,0.086,0.085,1.142
,47:09:46,25.1,0.961,0.887,0.897,0.918,0.925,0.977,1.148,1.162,0.366,0.355,0.393,0.388,0.382,0.387,1.049,1.071,1.684,1.643,1.658,1.636,1.638,1.642,1.036,1.056,0.512,0.5,0.483,0.496,0.544,0.529,1.038,1.046,0.516,0.533,0.58,0.499,0.471,0.551,1.011,1.119,1.262,0.085,0.861,0.086,0.085,0.086,0.085,1.143
,47:19:46,25.1,0.96,0.886,0.898,0.919,0.926,0.979,1.146,1.162,0.366,0.356,0.395,0.39,0.379,0.389,1.046,1.071,1.684,1.643,1.66,1.641,1.635,1.649,1.036,1.054,0.512,0.501,0.48,0.493,0.545,0.53,1.035,1.044,0.516,0.531,0.579,0.499,0.473,0.553,1.006,1.115,1.261,0.085,0.859,0.085,0.085,0.086,0.085,1.146
,47:29:46,25.1,0.958,0.885,0.897,0.918,0.927,0.978,1.144,1.164,0.369,0.354,0.399,0.395,0.386,0.39,1.044,1.07,1.685,1.649,1.663,1.645,1.64,1.65,1.034,1.052,0.51,0.501,0.483,0.493,0.546,0.53,1.033,1.041,0.517,0.532,0.578,0.498,0.472,0.556,1.001,1.111,1.261,0.085,0.857,0.086,0.085,0.086,0.085,1.149
,47:39:46,25.1,0.957,0.884,0.897,0.918,0.926,0.978,1.145,1.161,0.37,0.354,0.406,0.399,0.391,0.396,1.042,1.067,1.693,1.649,1.663,1.647,1.638,1.647,1.032,1.053,0.51,0.499,0.48,0.495,0.546,0.53,1.03,1.04,0.517,0.533,0.576,0.498,0.474,0.556,0.996,1.107,1.262,0.085,0.854,0.085,0.085,0.086,0.085,1.151
,47:49:46,25.1,0.957,0.883,0.897,0.919,0.925,0.979,1.141,1.149,0.37,0.355,0.406,0.396,0.39,0.391,1.04,1.068,1.688,1.65,1.662,1.646,1.638,1.645,1.031,1.052,0.512,0.498,0.481,0.492,0.547,0.533,1.029,1.039,0.517,0.532,0.575,0.497,0.476,0.559,0.995,1.107,1.263,0.085,0.854,0.085,0.084,0.086,0.085,1.152
,47:59:46,25.1,0.956,0.882,0.898,0.92,0.926,0.98,1.14,1.145,0.373,0.356,0.407,0.398,0.395,0.392,1.037,1.065,1.694,1.652,1.664,1.645,1.637,1.645,1.03,1.049,0.511,0.498,0.481,0.493,0.546,0.531,1.027,1.034,0.518,0.532,0.573,0.499,0.476,0.559,0.989,1.104,1.265,0.085,0.852,0.086,0.085,0.086,0.085,1.153
,48:09:46,25.1,0.957,0.882,0.898,0.921,0.929,0.983,1.137,1.143,0.373,0.358,0.409,0.396,0.391,0.387,1.035,1.065,1.693,1.653,1.666,1.652,1.638,1.647,1.027,1.048,0.512,0.5,0.482,0.493,0.546,0.531,1.026,1.032,0.519,0.53,0.569,0.499,0.476,0.559,0.988,1.101,1.269,0.085,0.851,0.086,0.085,0.086,0.085,1.156
,48:19:46,25.1,0.956,0.88,0.898,0.921,0.929,0.984,1.133,1.137,0.375,0.359,0.41,0.395,0.391,0.385,1.033,1.065,1.695,1.655,1.667,1.654,1.641,1.647,1.026,1.045,0.511,0.499,0.48,0.493,0.547,0.532,1.025,1.031,0.518,0.531,0.569,0.498,0.477,0.562,0.987,1.099,1.265,0.085,0.852,0.086,0.085,0.086,0.085,1.156
,48:29:46,25,0.957,0.881,0.899,0.923,0.931,0.987,1.129,1.12,0.374,0.359,0.409,0.396,0.392,0.386,1.031,1.066,1.696,1.657,1.665,1.653,1.639,1.647,1.025,1.046,0.511,0.5,0.478,0.494,0.548,0.534,1.023,1.029,0.52,0.53,0.564,0.499,0.477,0.561,0.984,1.094,1.275,0.085,0.848,0.086,0.084,0.086,0.085,1.159
,48:39:46,25,0.955,0.879,0.899,0.923,0.931,0.987,1.132,1.105,0.378,0.357,0.412,0.397,0.394,0.383,1.029,1.063,1.695,1.657,1.667,1.656,1.64,1.653,1.024,1.042,0.512,0.501,0.48,0.492,0.547,0.534,1.022,1.027,0.522,0.531,0.564,0.501,0.476,0.564,0.984,1.091,1.27,0.085,0.849,0.085,0.085,0.086,0.085,1.159
,48:49:46,25.1,0.954,0.878,0.899,0.923,0.931,0.987,1.129,1.11,0.379,0.359,0.413,0.398,0.394,0.383,1.028,1.063,1.699,1.658,1.667,1.66,1.643,1.652,1.02,1.041,0.513,0.502,0.479,0.495,0.547,0.533,1.021,1.025,0.522,0.532,0.563,0.498,0.476,0.563,0.984,1.089,1.272,0.085,0.848,0.086,0.084,0.086,0.085,1.161
,48:59:46,25,0.954,0.878,0.898,0.923,0.932,0.987,1.133,1.11,0.381,0.36,0.414,0.397,0.397,0.385,1.024,1.064,1.7,1.661,1.67,1.66,1.645,1.654,1.021,1.04,0.512,0.501,0.481,0.492,0.548,0.535,1.018,1.021,0.522,0.53,0.561,0.499,0.478,0.562,0.981,1.085,1.271,0.085,0.847,0.086,0.084,0.086,0.085,1.16
,49:09:46,25,0.953,0.877,0.9,0.924,0.933,0.988,1.131,1.104,0.384,0.36,0.415,0.398,0.396,0.384,1.023,1.063,1.701,1.662,1.67,1.659,1.645,1.654,1.019,1.039,0.512,0.502,0.48,0.493,0.549,0.535,1.016,1.021,0.525,0.529,0.558,0.498,0.479,0.563,0.979,1.083,1.271,0.085,0.846,0.086,0.084,0.086,0.085,1.162
,49:19:46,25,0.952,0.876,0.899,0.923,0.934,0.989,1.123,1.103,0.386,0.36,0.416,0.399,0.397,0.384,1.021,1.061,1.705,1.664,1.675,1.663,1.647,1.654,1.017,1.038,0.512,0.5,0.479,0.493,0.548,0.535,1.016,1.019,0.524,0.532,0.558,0.497,0.479,0.566,0.979,1.08,1.274,0.085,0.845,0.086,0.085,0.086,0.085,1.162
,49:29:46,25,0.952,0.876,0.899,0.923,0.934,0.989,1.119,1.098,0.387,0.362,0.415,0.4,0.395,0.385,1.02,1.06,1.705,1.665,1.676,1.664,1.646,1.656,1.017,1.036,0.514,0.5,0.479,0.493,0.548,0.535,1.014,1.018,0.525,0.532,0.556,0.497,0.48,0.565,0.978,1.076,1.276,0.085,0.845,0.085,0.084,0.086,0.085,1.161
,49:39:46,25,0.952,0.875,0.899,0.924,0.933,0.988,1.115,1.094,0.389,0.363,0.417,0.401,0.396,0.388,1.017,1.058,1.707,1.665,1.675,1.665,1.649,1.657,1.014,1.035,0.512,0.5,0.48,0.494,0.551,0.537,1.014,1.017,0.526,0.53,0.558,0.499,0.479,0.565,0.976,1.073,1.275,0.085,0.844,0.086,0.084,0.086,0.085,1.161
,49:49:46,25,0.952,0.875,0.899,0.924,0.934,0.99,1.115,1.091,0.391,0.364,0.419,0.404,0.395,0.389,1.014,1.056,1.708,1.668,1.675,1.666,1.648,1.662,1.013,1.034,0.514,0.502,0.481,0.493,0.549,0.536,1.013,1.012,0.528,0.532,0.554,0.498,0.481,0.566,0.975,1.072,1.281,0.085,0.842,0.086,0.084,0.086,0.085,1.158
,49:59:46,25,0.953,0.875,0.9,0.925,0.936,0.992,1.109,1.092,0.392,0.364,0.424,0.407,0.395,0.39,1.013,1.056,1.709,1.666,1.679,1.669,1.649,1.66,1.01,1.032,0.513,0.501,0.481,0.493,0.549,0.537,1.011,1.013,0.526,0.533,0.554,0.498,0.482,0.567,0.974,1.068,1.282,0.085,0.842,0.086,0.084,0.086,0.085,1.159
,50:09:46,25,0.955,0.876,0.9,0.925,0.935,0.992,1.104,1.085,0.395,0.366,0.421,0.405,0.394,0.391,1.011,1.054,1.709,1.672,1.68,1.67,1.65,1.662,1.008,1.031,0.514,0.5,0.481,0.495,0.55,0.538,1.008,1.009,0.529,0.533,0.554,0.497,0.481,0.572,0.971,1.065,1.283,0.085,0.843,0.086,0.084,0.086,0.085,1.157
,50:19:46,25,0.955,0.875,0.899,0.925,0.935,0.992,1.098,1.091,0.398,0.365,0.421,0.407,0.394,0.392,1.012,1.052,1.712,1.673,1.68,1.67,1.652,1.659,1.008,1.029,0.513,0.501,0.482,0.496,0.55,0.539,1.008,1.008,0.53,0.534,0.553,0.499,0.482,0.574,0.97,1.062,1.278,0.085,0.841,0.086,0.084,0.086,0.085,1.158
,,,,,,,,,,,,,,,,,,,,,,,,,,,,,,,,,,,,,,,,,,,,,,,,,,
Results,,,,,,,,,,,,,,,,,,,,,,,,,,,,,,,,,,,,,,,,,,,,,,,,,,
,,,,,,,,,,,,,,,,,,,,,,,,,,,,,,,,,,,,,,,,,,,,,,,,,,
,,1,2,3,4,5,6,7,8,,,,,,,,,,,,,,,,,,,,,,,,,,,,,,,,,,,,,,,,,
,A,5.703,2.269,2.973,4.791,6.297,7.532,4.247,3.887,Max V [600],,,,,,,,,,,,,,,,,,,,,,,,,,,,,,,,,,,,,,,,
,,0.954,0.987,0.996,0.973,0.992,0.991,0.996,0.996,R-Squared [600],,,,,,,,,,,,,,,,,,,,,,,,,,,,,,,,,,,,,,,,
,,4:09:46,3:39:46,3:49:46,4:19:46,4:39:46,4:49:46,3:39:46,3:39:46,t at Max V [600],,,,,,,,,,,,,,,,,,,,,,,,,,,,,,,,,,,,,,,,
,,3:26:18,2:27:53,2:42:45,3:23:46,3:49:58,4:06:50,2:28:53,2:22:14,Lagtime [600],,,,,,,,,,,,,,,,,,,,,,,,,,,,,,,,,,,,,,,,
,B,-2.213,1.818,-2.653,-2.904,-2.491,2.486,4.778,4.486,Max V [600],,,,,,,,,,,,,,,,,,,,,,,,,,,,,,,,,,,,,,,,
,,0.77,0.969,0.948,0.893,0.977,0.986,0.992,0.993,R-Squared [600],,,,,,,,,,,,,,,,,,,,,,,,,,,,,,,,,,,,,,,,
,,34:09:46,5:19:46,37:39:46,35:19:46,37:29:46,5:39:46,3:39:46,3:39:46,t at Max V [600],,,,,,,,,,,,,,,,,,,,,,,,,,,,,,,,,,,,,,,,
,,37:46:15,2:36:05,39:30:18,37:56:06,39:50:58,3:22:51,2:35:49,2:33:25,Lagtime [600],,,,,,,,,,,,,,,,,,,,,,,,,,,,,,,,,,,,,,,,
,C,1.749,1.488,1.572,1.412,1.639,1.377,4.193,4.313,Max V [600],,,,,,,,,,,,,,,,,,,,,,,,,,,,,,,,,,,,,,,,
,,0.981,0.996,0.999,0.989,0.999,0.933,0.999,0.997,R-Squared [600],,,,,,,,,,,,,,,,,,,,,,,,,,,,,,,,,,,,,,,,
,,14:39:46,12:19:46,4:29:46,0:59:46,3:39:46,0:59:46,3:29:46,3:29:46,t at Max V [600],,,,,,,,,,,,,,,,,,,,,,,,,,,,,,,,,,,,,,,,
,,8:04:17,5:30:45,2:17:45,0:46:19,2:27:27,0:30:23,2:01:23,2:27:01,Lagtime [600],,,,,,,,,,,,,,,,,,,,,,,,,,,,,,,,,,,,,,,,
,D,4.229,3.294,2.962,3.92,3.761,3.903,4.482,4.202,Max V [600],,,,,,,,,,,,,,,,,,,,,,,,,,,,,,,,,,,,,,,,
,,0.988,0.973,0.997,0.997,0.981,0.998,0.975,0.999,R-Squared [600],,,,,,,,,,,,,,,,,,,,,,,,,,,,,,,,,,,,,,,,
,,3:59:46,4:29:46,3:19:46,3:49:46,3:59:46,3:29:46,2:09:46,3:29:46,t at Max V [600],,,,,,,,,,,,,,,,,,,,,,,,,,,,,,,,,,,,,,,,
,,2:52:21,2:25:15,1:55:23,2:24:10,2:29:45,2:26:44,1:34:07,2:19:20,Lagtime [600],,,,,,,,,,,,,,,,,,,,,,,,,,,,,,,,,,,,,,,,
,E,3.216,2.328,3.179,3.332,3.575,3.295,3.896,4.339,Max V [600],,,,,,,,,,,,,,,,,,,,,,,,,,,,,,,,,,,,,,,,
,,0.99,0.998,0.996,0.993,0.999,0.994,0.997,0.999,R-Squared [600],,,,,,,,,,,,,,,,,,,,,,,,,,,,,,,,,,,,,,,,
,,3:59:46,3:49:46,1:59:46,1:39:46,3:49:46,1:19:46,3:29:46,3:39:46,t at Max V [600],,,,,,,,,,,,,,,,,,,,,,,,,,,,,,,,,,,,,,,,
,,2:07:05,1:17:40,1:27:28,0:57:05,1:55:47,0:57:56,2:19:32,2:22:25,Lagtime [600],,,,,,,,,,,,,,,,,,,,,,,,,,,,,,,,,,,,,,,,
,F,2.504,-0.014,5.016,0.013,-0.036,-0.019,-0.025,6.362,Max V [600],,,,,,,,,,,,,,,,,,,,,,,,,,,,,,,,,,,,,,,,
,,0.994,0.505,0.978,0.704,0.913,0.97,0.854,0.99,R-Squared [600],,,,,,,,,,,,,,,,,,,,,,,,,,,,,,,,,,,,,,,,
,,24:29:46,0:29:46,14:09:46,0:39:46,0:39:46,8:29:46,19:39:46,30:39:46,t at Max V [600],,,,,,,,,,,,,,,,,,,,,,,,,,,,,,,,,,,,,,,,
,,21:11:55,?????,13:02:23,1:10:32,0:42:33,8:05:33,18:54:10,29:37:19,Lagtime [600],,,,,,,,,,,,,,,,,,,,,,,,,,,,,,,,,,,,,,,,